datetime,actual_kWh,predicted_kWh,hour
2019-10-20 05:00:00,12.90353567282028,12.955628371001435,5
2019-10-20 06:00:00,12.9251457012194,12.379380695187391,6
2019-10-20 07:00:00,12.32813271805384,12.692376725914631,7
2019-10-20 08:00:00,14.30561417225996,14.302501913729863,8
2019-10-20 09:00:00,13.32156476002106,16.631913619468953,9
2019-10-20 10:00:00,14.256126166002918,15.956394336594885,10
2019-10-20 11:00:00,14.53676086273272,16.685115015612094,11
2019-10-20 12:00:00,15.1819163677456,15.030534725418889,12
2019-10-20 13:00:00,13.54166891388202,15.365955336793423,13
2019-10-20 14:00:00,13.699331892790081,14.052810642787296,14
2019-10-20 15:00:00,15.62781431057478,14.15373474388751,15
2019-10-20 16:00:00,14.00552195718638,15.099895082294575,16
2019-10-20 17:00:00,13.71461071612424,14.339927790952613,17
2019-10-20 18:00:00,14.54425696595182,14.199989035215783,18
2019-10-20 19:00:00,11.138365849574441,11.994713437842915,19
2019-10-20 20:00:00,9.77992707671318,11.474567618848477,20
2019-10-20 21:00:00,11.336400291335199,11.275455370934285,21
2019-10-20 22:00:00,12.49207596031944,12.1084075499833,22
2019-10-20 23:00:00,11.465666880859498,13.032043487964495,23
2019-10-21 01:00:00,11.2440550369035,11.47112613612613,1
2019-10-21 02:00:00,11.27365781891904,11.34898882710294,2
2019-10-21 03:00:00,11.231720543702579,11.252202140568965,3
2019-10-21 04:00:00,11.29664931231222,11.24031995326795,4
2019-10-21 05:00:00,11.26097795877516,11.247286156487812,5
2019-10-21 06:00:00,9.889057175128299,11.14874756352396,6
2019-10-21 07:00:00,12.905605157809198,11.788283696215744,7
2019-10-21 08:00:00,12.13197628335104,13.28363045318933,8
2019-10-21 09:00:00,11.7946810190706,12.854496264619936,9
2019-10-21 10:00:00,12.76462641447074,12.611511337244298,10
2019-10-21 11:00:00,13.97742303470726,13.239987459719568,11
2019-10-21 12:00:00,12.851227228195778,13.041483882095562,12
2019-10-21 13:00:00,12.2818305337899,13.390988290270716,13
2019-10-21 14:00:00,12.73684783113678,12.804939894472648,14
2019-10-21 15:00:00,13.506280324460059,13.322054103509458,15
2019-10-21 16:00:00,12.48795313479896,13.223438619063739,16
2019-10-21 17:00:00,11.600427958112718,12.906218985843378,17
2019-10-21 18:00:00,12.055411733210558,11.915490933735839,18
2019-10-21 19:00:00,11.000488444828159,12.146268239339664,19
2019-10-21 20:00:00,11.95388170476438,11.338942655729257,20
2019-10-21 21:00:00,11.9791728055528,11.24983134345225,21
2019-10-21 22:00:00,10.527476055307439,11.710355555543112,22
2019-10-21 23:00:00,11.21313993161588,12.113433732631954,23
2019-10-22 01:00:00,13.563650906467599,13.03263949680312,1
2019-10-22 02:00:00,13.62561939770902,13.55527111413567,2
2019-10-22 03:00:00,13.571347629291639,13.564423612806756,3
2019-10-22 04:00:00,13.67732558907394,13.523948638058538,4
2019-10-22 05:00:00,13.524723250325499,13.622420230853097,5
2019-10-22 06:00:00,13.60420671946778,12.605018285532738,6
2019-10-22 07:00:00,18.24246156062424,13.388281050047638,7
2019-10-22 08:00:00,22.937042344063638,23.523313958673402,8
2019-10-22 09:00:00,20.422175526616236,25.955203833884124,9
2019-10-22 10:00:00,17.71837974135912,21.613266562768775,10
2019-10-22 11:00:00,17.04338614580912,17.8247420490879,11
2019-10-22 12:00:00,15.769779776924839,16.412482804614342,12
2019-10-22 13:00:00,15.417303964388857,16.185653516421006,13
2019-10-22 14:00:00,16.0338835076521,16.397630184927813,14
2019-10-22 15:00:00,16.26463653392104,16.139778266340958,15
2019-10-22 16:00:00,15.04850872213068,16.267527933552916,16
2019-10-22 17:00:00,16.63334551777688,15.682178812077103,17
2019-10-22 18:00:00,13.74191193240964,14.936485421199977,18
2019-10-22 19:00:00,11.86558653968386,12.416054141032527,19
2019-10-22 20:00:00,10.86673014059938,12.061651967648547,20
2019-10-22 21:00:00,11.456289203912918,11.954266132092854,21
2019-10-22 22:00:00,14.630781843504998,12.414917454149005,22
2019-10-22 23:00:00,14.66245682162274,14.004366600202191,23
2019-10-23 01:00:00,13.561628052071539,13.867890999261315,1
2019-10-23 02:00:00,13.549786937043098,13.562867430908522,2
2019-10-23 03:00:00,13.54801077173328,13.457262645704072,3
2019-10-23 04:00:00,13.657491725984638,13.448084688959812,4
2019-10-23 05:00:00,13.655962246983279,13.642981298771012,5
2019-10-23 06:00:00,13.606328251720559,13.475843334256401,6
2019-10-23 07:00:00,15.73464153492538,12.996068974200496,7
2019-10-23 08:00:00,26.0086768763693,21.267252166449676,8
2019-10-23 09:00:00,25.1282781998287,26.286414308127725,9
2019-10-23 10:00:00,22.75985881342804,23.12979119176332,10
2019-10-23 11:00:00,20.183804972031062,19.75395067614314,11
2019-10-23 12:00:00,17.71552896130072,19.42918903483875,12
2019-10-23 13:00:00,15.114255452505798,17.470003321650072,13
2019-10-23 14:00:00,16.44329585740394,15.882889763401659,14
2019-10-23 15:00:00,15.5441813520018,16.50614742655835,15
2019-10-23 16:00:00,17.00156850679948,16.19210937915307,16
2019-10-23 17:00:00,16.14256315848464,16.3887469234338,17
2019-10-23 18:00:00,13.97372763175094,15.037610465807722,18
2019-10-23 19:00:00,11.61039226886194,12.368678204133516,19
2019-10-23 20:00:00,12.62124132476276,11.912426635442428,20
2019-10-23 21:00:00,11.806227083863,11.64326670190156,21
2019-10-23 22:00:00,11.14488101034212,11.869454255831256,22
2019-10-23 23:00:00,10.643524253701479,13.218103398589609,23
2019-10-24 01:00:00,13.537452446619959,13.684780312051982,1
2019-10-24 02:00:00,13.549540247956859,13.451194243429416,2
2019-10-24 03:00:00,13.543866382306659,13.451273095684035,3
2019-10-24 04:00:00,13.55521411360706,13.436138019743982,4
2019-10-24 05:00:00,13.66548447682328,13.576447015962522,5
2019-10-24 06:00:00,13.576478780618778,13.31154122558103,6
2019-10-24 07:00:00,13.69215843427354,13.195363579867223,7
2019-10-24 08:00:00,33.646755070160296,15.54086241323351,8
2019-10-24 09:00:00,28.45104946082136,33.79805164764102,9
2019-10-24 10:00:00,23.8600953797277,26.227469724920546,10
2019-10-24 11:00:00,19.0466946401213,21.359479498739205,11
2019-10-24 12:00:00,15.7280454018707,17.612857843403834,12
2019-10-24 13:00:00,16.09060759747578,16.757770996781076,13
2019-10-24 14:00:00,15.21364943757648,16.65613924310192,14
2019-10-24 15:00:00,17.396955214775257,16.522813512620672,15
2019-10-24 16:00:00,15.952474548080541,17.194455703229792,16
2019-10-24 17:00:00,16.1055034816147,16.576406638837668,17
2019-10-24 18:00:00,15.21027524598824,14.984966140534294,18
2019-10-24 19:00:00,12.03818859998762,12.525535576443538,19
2019-10-24 20:00:00,11.91453784551154,11.864159623599853,20
2019-10-24 21:00:00,10.3724355062751,11.95585114795938,21
2019-10-24 22:00:00,13.534837533416919,11.707497665430424,22
2019-10-24 23:00:00,13.56325620337406,12.945919701966595,23
2019-10-25 01:00:00,13.533604085207939,13.508070705358252,1
2019-10-25 02:00:00,13.661044059382059,13.433228264142604,2
2019-10-25 03:00:00,13.641555560457938,13.655144080949974,3
2019-10-25 04:00:00,13.62053758531024,13.658553221679783,4
2019-10-25 05:00:00,13.609436543096079,13.660619192856425,5
2019-10-25 06:00:00,14.06658873381754,13.502113219075431,6
2019-10-25 07:00:00,22.878316894305538,14.584133904285165,7
2019-10-25 08:00:00,32.453802810243694,26.852534332164304,8
2019-10-25 09:00:00,30.259930588480657,32.22304013374348,9
2019-10-25 10:00:00,26.175814471190378,28.105594732791875,10
2019-10-25 11:00:00,22.2654261039933,23.349097310284833,11
2019-10-25 12:00:00,16.970704612663937,19.30743823967137,12
2019-10-25 13:00:00,16.5858061991899,17.209825642809154,13
2019-10-25 14:00:00,15.96164899430898,17.109407606198815,14
2019-10-25 15:00:00,16.27323062135186,16.75867978248232,15
2019-10-25 16:00:00,16.220850818336938,16.728989361326285,16
2019-10-25 17:00:00,14.988781677126859,16.711406593439495,17
2019-10-25 18:00:00,14.489562383307298,15.261051205537383,18
2019-10-25 19:00:00,11.159606861011678,12.671544744130172,19
2019-10-25 20:00:00,11.17882135138326,11.778906142399698,20
2019-10-25 21:00:00,10.91517616824506,11.60400198493792,21
2019-10-25 22:00:00,10.576421216685759,12.156650594208656,22
2019-10-25 23:00:00,10.761787103867238,13.118399681989965,23
2019-10-26 01:00:00,13.641456885379,13.404457367167245,1
2019-10-26 02:00:00,13.558223729903638,13.658213094348255,2
2019-10-26 03:00:00,13.54712268768948,13.609724195053785,3
2019-10-26 04:00:00,13.5360709816259,13.513684977774052,4
2019-10-26 05:00:00,13.655863571904339,13.479646496764355,5
2019-10-26 06:00:00,17.77150806719508,13.477842522021763,6
2019-10-26 07:00:00,22.629089633812782,23.585394139026103,7
2019-10-26 08:00:00,32.54739578234024,26.657303442944116,8
2019-10-26 09:00:00,33.16532694335144,32.185307915757456,9
2019-10-26 10:00:00,33.57462599301264,32.85914060769951,10
2019-10-26 11:00:00,33.54757845748574,33.93735999470883,11
2019-10-26 12:00:00,32.04095497163236,34.3679764843607,12
2019-10-26 13:00:00,32.839065115675524,32.5530727238854,13
2019-10-26 14:00:00,26.45374143797622,32.8697171880765,14
2019-10-26 15:00:00,26.580159008554638,26.2465923451531,15
2019-10-26 16:00:00,24.275385459181717,26.87109953351196,16
2019-10-26 17:00:00,24.273639710562897,23.051507855540038,17
2019-10-26 18:00:00,23.5117647538412,22.546020694060825,18
2019-10-26 19:00:00,14.381543438558879,17.11880098436029,19
2019-10-26 20:00:00,12.87261276197086,12.034849210663983,20
2019-10-26 21:00:00,10.706660873655178,12.131440521367598,21
2019-10-26 22:00:00,13.0649802019758,12.289006989107133,22
2019-10-26 23:00:00,11.456880596052699,12.83092932598066,23
2019-10-27 01:00:00,12.91345260297604,13.048117109667707,1
2019-10-27 02:00:00,12.916116852329658,13.021681788374385,2
2019-10-27 03:00:00,12.887140343037359,12.94003321876662,3
2019-10-27 04:00:00,13.115081933723818,12.931839055469233,4
2019-10-27 05:00:00,13.317408720585119,13.027373877583859,5
2019-10-27 06:00:00,18.55698446502014,13.050155521586678,6
2019-10-27 07:00:00,22.729078894359677,25.718975694687423,7
2019-10-27 08:00:00,29.349055451447796,30.496201273135014,8
2019-10-27 09:00:00,29.412217440866236,32.418152087009396,9
2019-10-27 10:00:00,30.530111499069655,30.6671528488813,10
2019-10-27 11:00:00,28.94892127578516,30.62913869692725,11
2019-10-27 12:00:00,28.313647450899843,28.987267411240467,12
2019-10-27 13:00:00,28.48077026515354,28.534878482906976,13
2019-10-27 14:00:00,23.46398306839366,28.653105674037466,14
2019-10-27 15:00:00,21.609098612265058,21.71025824134785,15
2019-10-27 16:00:00,19.2550936679515,19.743959614668576,16
2019-10-27 17:00:00,18.99458085120808,19.05556701174288,17
2019-10-27 18:00:00,20.366866318480017,17.007249890500542,18
2019-10-27 19:00:00,15.22832694098514,15.529365440142936,19
2019-10-27 20:00:00,10.2710856751953,12.08659964659477,20
2019-10-27 21:00:00,10.92059517813582,11.661114585946878,21
2019-10-27 22:00:00,12.24495405428874,12.169954777604133,22
2019-10-27 23:00:00,14.85155697568052,12.914519559736153,23
2019-10-28 01:00:00,11.2149949719888,12.876643067283922,1
2019-10-28 02:00:00,11.44162221717934,11.530816420078523,2
2019-10-28 03:00:00,12.826582761257999,11.330865786980953,3
2019-10-28 04:00:00,14.7346420932598,11.619157293154094,4
2019-10-28 05:00:00,16.31746969840976,13.71689737707478,5
2019-10-28 06:00:00,17.676133590895557,15.22460228041766,6
2019-10-28 07:00:00,31.164637112245302,23.0612735514237,7
2019-10-28 08:00:00,31.660177155899238,35.96771898214911,8
2019-10-28 09:00:00,28.41692898630278,32.402827389949586,9
2019-10-28 10:00:00,27.19061655525362,27.31573824049281,10
2019-10-28 11:00:00,28.21642687034566,27.529279959702645,11
2019-10-28 12:00:00,26.72169136622488,27.555542387563086,12
2019-10-28 13:00:00,26.659149191191176,26.781835808606992,13
2019-10-28 14:00:00,22.2809476580772,26.42451096439875,14
2019-10-28 15:00:00,22.828910265891377,20.42287991791008,15
2019-10-28 16:00:00,21.9605283600753,22.79683791140626,16
2019-10-28 17:00:00,25.09488866478376,20.829392597695755,17
2019-10-28 18:00:00,24.889007336189938,24.173760895510338,18
2019-10-28 19:00:00,24.116591093257437,18.757628908163777,19
2019-10-28 20:00:00,20.54803244952392,18.324761978735975,20
2019-10-28 21:00:00,19.88090847971406,16.57258575620136,21
2019-10-28 22:00:00,14.32988491389876,16.45256565224416,22
2019-10-28 23:00:00,15.59685783025406,13.328799233321748,23
2019-10-29 01:00:00,20.32636354996672,14.119653101286945,1
2019-10-29 02:00:00,20.68390239155312,22.661098482051358,2
2019-10-29 03:00:00,20.82857843229386,22.531747888191777,3
2019-10-29 04:00:00,21.0825769077147,23.247405422694477,4
2019-10-29 05:00:00,21.53072857456908,23.319484224608477,5
2019-10-29 06:00:00,25.36208888132154,25.43763866792381,6
2019-10-29 07:00:00,29.526015501349058,30.10038697799506,7
2019-10-29 08:00:00,38.11295552089558,35.80893170672222,8
2019-10-29 09:00:00,34.72910792493078,37.231004667127515,9
2019-10-29 10:00:00,32.2385805686216,33.30398088656767,10
2019-10-29 11:00:00,26.54076758537486,31.449823895144423,11
2019-10-29 12:00:00,22.720215523380098,24.684015584106874,12
2019-10-29 13:00:00,20.04283084536296,20.913281364701003,13
2019-10-29 14:00:00,17.40231778850976,19.92290375179036,14
2019-10-29 15:00:00,15.87245393128632,17.842911688963557,15
2019-10-29 16:00:00,17.45342359328326,17.39857281115886,16
2019-10-29 17:00:00,16.44061011914424,16.804415811976966,17
2019-10-29 18:00:00,16.73662310873222,15.431615993478669,18
2019-10-29 19:00:00,12.027332741302939,13.366826161412567,19
2019-10-29 20:00:00,11.2406159508189,12.772602855477617,20
2019-10-29 21:00:00,11.39529421067252,12.686849610759747,21
2019-10-29 22:00:00,11.27918752612058,13.859619784234729,22
2019-10-29 23:00:00,10.1624233104877,13.677445604999043,23
2019-10-30 01:00:00,13.57578804673286,14.061078165748475,1
2019-10-30 02:00:00,13.62492866660088,14.359787627078203,2
2019-10-30 03:00:00,13.578550973943198,14.283882406779433,3
2019-10-30 04:00:00,13.565032371461658,14.328707467989375,4
2019-10-30 05:00:00,13.561973416236718,14.3774480643116,5
2019-10-30 06:00:00,14.3407899031783,14.519113167508335,6
2019-10-30 07:00:00,19.572351880091198,19.325087404464067,7
2019-10-30 08:00:00,28.9491507565243,26.758155597298707,8
2019-10-30 09:00:00,26.2519261820797,30.923051585508635,9
2019-10-30 10:00:00,27.76873765108346,25.60784621504141,10
2019-10-30 11:00:00,26.39850580489886,27.101534361563996,11
2019-10-30 12:00:00,27.383332589981883,24.857733908113016,12
2019-10-30 13:00:00,24.983677445259296,27.354461182701524,13
2019-10-30 14:00:00,24.9741561876423,23.744895431004828,14
2019-10-30 15:00:00,25.24340388637362,24.699181682675004,15
2019-10-30 16:00:00,25.9930852805627,24.846650869736425,16
2019-10-30 17:00:00,23.84828673972524,25.836736394042642,17
2019-10-30 18:00:00,22.59585913500618,21.968407896753803,18
2019-10-30 19:00:00,16.102193809522518,14.842947774220898,19
2019-10-30 20:00:00,9.920701800443979,12.301220713393288,20
2019-10-30 21:00:00,13.371087077416659,11.654153863021213,21
2019-10-30 22:00:00,12.93493214515966,13.180012565387035,22
2019-10-30 23:00:00,14.927104613896358,13.368000401214388,23
2019-10-31 01:00:00,13.63701646793778,14.15779044373428,1
2019-10-31 02:00:00,13.537748474634558,13.701975878242884,2
2019-10-31 03:00:00,13.58846790687674,13.56091528505214,3
2019-10-31 04:00:00,13.664243489719379,13.710048021758766,4
2019-10-31 05:00:00,13.875841378441999,13.718721579451636,5
2019-10-31 06:00:00,14.18043969989824,13.887449961380248,6
2019-10-31 07:00:00,27.089655466151477,15.858060894976665,7
2019-10-31 08:00:00,29.742251152115216,30.947084752528426,8
2019-10-31 09:00:00,30.782477023184143,31.85387450295517,9
2019-10-31 10:00:00,33.505129034637335,30.411742504649222,10
2019-10-31 11:00:00,31.171296762017462,33.270142020993646,11
2019-10-31 12:00:00,28.988492176886297,29.39676084359588,12
2019-10-31 13:00:00,27.96278053965098,28.419951574917754,13
2019-10-31 14:00:00,27.34863166777672,26.97041905429554,14
2019-10-31 15:00:00,27.6320606195197,27.450107181445446,15
2019-10-31 16:00:00,24.495534596412,26.975369905071265,16
2019-10-31 17:00:00,24.248083987340557,22.854952086199702,17
2019-10-31 18:00:00,25.647942660004375,22.83281304098391,18
2019-10-31 19:00:00,17.1889007233318,19.09371114276237,19
2019-10-31 20:00:00,13.165542421314399,11.890954821661502,20
2019-10-31 21:00:00,12.5802142586078,12.433147736102292,21
2019-10-31 22:00:00,13.21208159187904,13.096970879484719,22
2019-10-31 23:00:00,14.082661460564601,13.363697984963,23
2019-11-01 01:00:00,14.3559025541573,13.93539192691434,1
2019-11-01 02:00:00,16.632114675125536,14.28969170566197,2
2019-11-01 03:00:00,19.131003777013,15.619294727176793,3
2019-11-01 04:00:00,21.1490253219845,21.698138766292345,4
2019-11-01 05:00:00,22.810250592630318,23.50780592013664,5
2019-11-01 06:00:00,24.19396292182152,25.43814228119847,6
2019-11-01 07:00:00,32.96564253638182,29.6711028162964,7
2019-11-01 08:00:00,42.3751910945702,37.199853574516744,8
2019-11-01 09:00:00,40.40633225281772,40.85164079756637,9
2019-11-01 10:00:00,42.03420408289192,38.536105236876665,10
2019-11-01 11:00:00,40.106750493708056,40.29785186094957,11
2019-11-01 12:00:00,36.38576314469834,38.33885889953109,12
2019-11-01 13:00:00,35.87412950205842,34.45113803738263,13
2019-11-01 14:00:00,34.20400567984932,34.039791325582094,14
2019-11-01 15:00:00,36.67756701147458,32.9383233418122,15
2019-11-01 16:00:00,36.65449912635361,36.13792150868202,16
2019-11-01 17:00:00,36.066080905619415,36.0188519807912,17
2019-11-01 18:00:00,35.56693552852566,35.13493813579764,18
2019-11-01 19:00:00,24.9086124685407,25.067469534249202,19
2019-11-01 20:00:00,20.11667558777204,18.29275108808331,20
2019-11-01 21:00:00,19.45045871868786,17.65711744134934,21
2019-11-01 22:00:00,21.78615210112996,16.643114067254526,22
2019-11-01 23:00:00,21.26988961589808,18.05412787048613,23
2019-11-02 01:00:00,24.30685478157938,21.195261793327408,1
2019-11-02 02:00:00,25.28487178621458,25.257941331443043,2
2019-11-02 03:00:00,26.20663073751004,26.308662412128133,3
2019-11-02 04:00:00,26.90744940372008,27.73725976248385,4
2019-11-02 05:00:00,27.498985346392896,28.192220037329147,5
2019-11-02 06:00:00,28.18622527396218,28.676352543959602,6
2019-11-02 07:00:00,28.77921590113208,34.830951930347005,7
2019-11-02 08:00:00,47.45289321506198,38.07898413162427,8
2019-11-02 09:00:00,43.54729837114416,45.92321157996911,9
2019-11-02 10:00:00,45.150042545005135,41.76487437331162,10
2019-11-02 11:00:00,42.63868988592462,42.95457007526845,11
2019-11-02 12:00:00,40.57578178282168,41.37148046295333,12
2019-11-02 13:00:00,40.6068173882057,40.236787212170434,13
2019-11-02 14:00:00,36.91128447067062,40.409548631908095,14
2019-11-02 15:00:00,33.58139866787522,36.124467985673135,15
2019-11-02 16:00:00,31.17922017668952,32.31603568117049,16
2019-11-02 17:00:00,28.97728456514244,30.782393129601427,17
2019-11-02 18:00:00,29.070725064894777,29.23935837906265,18
2019-11-02 19:00:00,22.197382471780656,23.69091059177733,19
2019-11-02 20:00:00,15.1759994880121,17.152868529365122,20
2019-11-02 21:00:00,19.746635619518077,14.084104916231965,21
2019-11-02 22:00:00,17.8517121424694,17.74924823343628,22
2019-11-02 23:00:00,15.689437315428698,17.03272963798812,23
2019-11-03 01:00:00,17.401759615841,15.074418602720284,1
2019-11-03 02:00:00,19.29092567161708,16.28005549195374,2
2019-11-03 03:00:00,20.89212700257712,21.459777040885207,3
2019-11-03 04:00:00,22.24177220451464,23.541400700635272,4
2019-11-03 05:00:00,23.355043253464096,23.81048075932404,5
2019-11-03 06:00:00,24.294623755127898,24.887528024225617,6
2019-11-03 07:00:00,25.131808016541438,29.231012263009077,7
2019-11-03 08:00:00,41.68141421177136,30.172149069299753,8
2019-11-03 09:00:00,37.81310220601312,39.379697231299694,9
2019-11-03 10:00:00,38.52989336833448,36.27058384150444,10
2019-11-03 11:00:00,36.64010448150458,35.94177768778459,11
2019-11-03 12:00:00,35.05321758977386,34.46971989086473,12
2019-11-03 13:00:00,37.177217805639344,32.60116442617004,13
2019-11-03 14:00:00,33.24508856271624,35.9569454066275,14
2019-11-03 15:00:00,31.06578549983074,31.853833945763007,15
2019-11-03 16:00:00,29.94875214231588,30.58254792329251,16
2019-11-03 17:00:00,27.3561467876777,29.214203573493798,17
2019-11-03 18:00:00,28.806803656535596,27.402016370270708,18
2019-11-03 19:00:00,22.209610620452057,22.756010018264938,19
2019-11-03 20:00:00,18.143885842874838,17.398156640377014,20
2019-11-03 21:00:00,18.84654566333558,18.665335547124698,21
2019-11-03 22:00:00,20.25244065471734,18.12822652747003,22
2019-11-03 23:00:00,19.82068989542812,18.596351564510652,23
2019-11-04 01:00:00,19.169696371855938,19.302801720374838,1
2019-11-04 02:00:00,21.06122604896736,20.083571539611455,2
2019-11-04 03:00:00,22.71504440535432,22.694625953646824,3
2019-11-04 04:00:00,24.064030134542037,24.09729333687936,4
2019-11-04 05:00:00,25.15462659035184,25.19682468042252,5
2019-11-04 06:00:00,26.163955661703337,26.893540390632257,6
2019-11-04 07:00:00,27.091069306171438,31.388774581154454,7
2019-11-04 08:00:00,38.1929992627083,33.07046655027521,8
2019-11-04 09:00:00,34.32426367050007,37.219925041909676,9
2019-11-04 10:00:00,32.40254151645692,32.24440052910183,10
2019-11-04 11:00:00,26.946507504410977,32.14723951933097,11
2019-11-04 12:00:00,27.057606484956757,25.567860976863468,12
2019-11-04 13:00:00,26.222160155489117,28.32441845298472,13
2019-11-04 14:00:00,22.51454581995558,26.826334456665595,14
2019-11-04 15:00:00,21.47730607072,20.639976117346887,15
2019-11-04 16:00:00,23.45265202321772,20.566414317643577,16
2019-11-04 17:00:00,21.84416987532192,24.07219967486849,17
2019-11-04 18:00:00,26.589342424234697,19.82462048209372,18
2019-11-04 19:00:00,24.29954419517536,20.456562710836774,19
2019-11-04 20:00:00,18.10312572415566,18.939504466396478,20
2019-11-04 21:00:00,21.256176824372297,16.840541260592023,21
2019-11-04 22:00:00,20.71349681800642,17.705990862886264,22
2019-11-04 23:00:00,16.513227443904718,17.5123010567363,23
2019-11-05 01:00:00,22.85837756168742,16.847975354913512,1
2019-11-05 02:00:00,24.28979475404248,24.94793120148993,2
2019-11-05 03:00:00,25.60165057574852,25.104816652763617,3
2019-11-05 04:00:00,26.596777260738115,26.5076798072527,4
2019-11-05 05:00:00,27.397175820500898,28.031576310228456,5
2019-11-05 06:00:00,29.088482642989714,28.8979230054024,6
2019-11-05 07:00:00,34.462564147807036,36.2395125356041,7
2019-11-05 08:00:00,43.54390334342814,39.25168116944291,8
2019-11-05 09:00:00,42.08747191161726,40.95679826470799,9
2019-11-05 10:00:00,38.72004308156524,39.7577690678593,10
2019-11-05 11:00:00,39.10172665357852,36.56617713039066,11
2019-11-05 12:00:00,32.89872118562256,37.031852546488224,12
2019-11-05 13:00:00,29.55722957076474,31.467593575280226,13
2019-11-05 14:00:00,27.241277854115957,28.352792579794162,14
2019-11-05 15:00:00,27.74720745608154,27.209453375858693,15
2019-11-05 16:00:00,25.82093530673172,27.09350084870695,16
2019-11-05 17:00:00,26.01570845699456,24.398960129844497,17
2019-11-05 18:00:00,26.897342748412537,25.427864892390836,18
2019-11-05 19:00:00,18.24159281826258,21.9799160058124,19
2019-11-05 20:00:00,15.31876977167268,15.435532630698024,20
2019-11-05 21:00:00,15.070937040073318,15.293320154979936,21
2019-11-05 22:00:00,15.624127613180981,15.654826888643097,22
2019-11-05 23:00:00,14.26950125448076,16.022832504214648,23
2019-11-06 01:00:00,16.97466632138886,14.707203294901904,1
2019-11-06 02:00:00,18.94259801239962,17.32449442650389,2
2019-11-06 03:00:00,20.920089983280818,20.55584697129062,3
2019-11-06 04:00:00,22.47705816496548,22.93563319791086,4
2019-11-06 05:00:00,23.67006433325854,23.916814237720097,5
2019-11-06 06:00:00,24.670701250434096,25.410455531315005,6
2019-11-06 07:00:00,25.72709045943368,29.929087381261464,7
2019-11-06 08:00:00,44.13103510757762,30.768747020932132,8
2019-11-06 09:00:00,39.200971405196476,42.68647822859341,9
2019-11-06 10:00:00,36.307925929650835,36.798928553541664,10
2019-11-06 11:00:00,31.66941413273326,34.36851113698164,11
2019-11-06 12:00:00,30.68252544600072,29.538429872219012,12
2019-11-06 13:00:00,27.220240342841517,28.569433912908565,13
2019-11-06 14:00:00,24.360638660717562,26.064058344911427,14
2019-11-06 15:00:00,26.14449155168762,22.96885302663316,15
2019-11-06 16:00:00,24.5694981416939,26.35443564373893,16
2019-11-06 17:00:00,24.97863866900606,24.156490832293425,17
2019-11-06 18:00:00,26.82970443874638,24.290469696142832,18
2019-11-06 19:00:00,18.42538726252024,19.418333115287346,19
2019-11-06 20:00:00,12.49763902032544,14.923442738317636,20
2019-11-06 21:00:00,14.572119391019518,13.110843187310511,21
2019-11-06 22:00:00,14.68971294342762,14.856680421193436,22
2019-11-06 23:00:00,13.939859329656318,15.208492895895471,23
2019-11-07 01:00:00,16.3769461154353,14.168823599376399,1
2019-11-07 02:00:00,17.813321561756958,17.281035805466903,2
2019-11-07 03:00:00,19.16925763817162,19.91344463443976,3
2019-11-07 04:00:00,20.28843830295988,21.236398920128863,4
2019-11-07 05:00:00,21.2452224683866,21.944367068959377,5
2019-11-07 06:00:00,25.02396935527058,23.834175967389328,6
2019-11-07 07:00:00,29.37971135652806,29.82715657987809,7
2019-11-07 08:00:00,39.850392274732755,35.94757356186917,8
2019-11-07 09:00:00,35.42536348749034,38.0465058576102,9
2019-11-07 10:00:00,31.416814183431235,33.06273038714295,10
2019-11-07 11:00:00,30.25801152861208,29.23273821323127,11
2019-11-07 12:00:00,27.637386298780243,28.820187101316204,12
2019-11-07 13:00:00,26.57627292489022,26.05283114738951,13
2019-11-07 14:00:00,26.16547307958394,26.16178467808953,14
2019-11-07 15:00:00,28.190442527335982,25.81689036944881,15
2019-11-07 16:00:00,28.2390516884455,27.43542771906318,16
2019-11-07 17:00:00,28.371583144470577,27.27513067326858,17
2019-11-07 18:00:00,25.745925099501378,27.45420409580657,18
2019-11-07 19:00:00,19.4811855988249,20.520622667368396,19
2019-11-07 20:00:00,14.47296616725256,15.153513808224645,20
2019-11-07 21:00:00,15.628410038829138,14.658563607673608,21
2019-11-07 22:00:00,13.63077211016452,15.50996962948026,22
2019-11-07 23:00:00,14.93462662269174,14.447837436728994,23
2019-11-08 01:00:00,13.79830435252354,14.773011293970074,1
2019-11-08 02:00:00,14.124440824543619,14.263633739258735,2
2019-11-08 03:00:00,14.40966309994348,14.861211581461216,3
2019-11-08 04:00:00,14.74904965478584,15.190698558467579,4
2019-11-08 05:00:00,15.251038642487817,15.594735584651035,5
2019-11-08 06:00:00,15.781199716616339,16.323490485295277,6
2019-11-08 07:00:00,27.41846885420198,18.16587003582315,7
2019-11-08 08:00:00,35.47138620486404,31.857795496372436,8
2019-11-08 09:00:00,32.688073339326635,35.29096227316528,9
2019-11-08 10:00:00,31.91022235593524,31.878472645360294,10
2019-11-08 11:00:00,31.03104002758994,31.37591876887374,11
2019-11-08 12:00:00,27.52739078300612,30.10839994364827,12
2019-11-08 13:00:00,26.465299494444878,25.572313591422667,13
2019-11-08 14:00:00,23.07546568813556,25.839137519893647,14
2019-11-08 15:00:00,25.64721120941922,21.763858372151216,15
2019-11-08 16:00:00,24.02340196315064,25.852408609690247,16
2019-11-08 17:00:00,23.48614898890416,23.808708401649486,17
2019-11-08 18:00:00,21.90465680704476,22.61580291680286,18
2019-11-08 19:00:00,17.12244766739162,17.104913495297286,19
2019-11-08 20:00:00,11.02684904647218,13.20602120373763,20
2019-11-08 21:00:00,15.263691030387498,12.902214363989687,21
2019-11-08 22:00:00,14.236020152695898,15.336910383753448,22
2019-11-08 23:00:00,15.88247521708112,14.570167574560399,23
2019-11-09 01:00:00,13.663877886649122,15.140297460692285,1
2019-11-09 02:00:00,13.92202319038742,13.91941559038072,2
2019-11-09 03:00:00,15.2161710201493,13.946488519750986,3
2019-11-09 04:00:00,16.932100715114178,16.151808684006795,4
2019-11-09 05:00:00,18.188210047778618,17.83839484523284,5
2019-11-09 06:00:00,19.1900572131446,21.31582004994696,6
2019-11-09 07:00:00,20.30364573179248,26.53835485120464,7
2019-11-09 08:00:00,40.17749457530328,28.24678148958162,8
2019-11-09 09:00:00,31.95862393632314,37.90876986657191,9
2019-11-09 10:00:00,27.732783408431196,31.35389969629119,10
2019-11-09 11:00:00,24.352077089979417,25.368830652013166,11
2019-11-09 12:00:00,17.7977952382248,21.47111852683478,12
2019-11-09 13:00:00,16.3917108772471,17.530456658659304,13
2019-11-09 14:00:00,15.86833468632426,17.081378277151526,14
2019-11-09 15:00:00,16.97589315570366,16.624361176732673,15
2019-11-09 16:00:00,17.02472317254542,17.206144986549802,16
2019-11-09 17:00:00,16.24365521991378,16.90642708527158,17
2019-11-09 18:00:00,15.47516336900968,15.284321358689413,18
2019-11-09 19:00:00,12.47370648451276,13.235712377756238,19
2019-11-09 20:00:00,12.73135491285356,12.85574079445355,20
2019-11-09 21:00:00,11.05761057663694,12.749441334620025,21
2019-11-09 22:00:00,12.08730353372398,13.305222312086315,22
2019-11-09 23:00:00,10.19155597546048,12.843131462230874,23
2019-11-10 01:00:00,12.9610251882563,13.954410462648445,1
2019-11-10 02:00:00,12.906901436624,13.088510931772644,2
2019-11-10 03:00:00,12.89451760449472,13.131801004106755,3
2019-11-10 04:00:00,12.94286881539788,13.33135848225058,4
2019-11-10 05:00:00,12.91967996906904,13.587200947618022,5
2019-11-10 06:00:00,12.95056553822192,13.636973040111066,6
2019-11-10 07:00:00,13.09432538378526,18.302714615384815,7
2019-11-10 08:00:00,30.87807052743666,18.727364116431726,8
2019-11-10 09:00:00,24.78387075485852,31.637406841572734,9
2019-11-10 10:00:00,21.31578193594524,23.163962011528252,10
2019-11-10 11:00:00,16.440052704809418,19.164177588815267,11
2019-11-10 12:00:00,13.61485385298548,15.795604059260624,12
2019-11-10 13:00:00,13.21425999362176,16.016516224892563,13
2019-11-10 14:00:00,14.72433062112174,15.069600709191775,14
2019-11-10 15:00:00,14.64882013015784,15.063273045561338,15
2019-11-10 16:00:00,14.2847483305673,15.190064125992665,16
2019-11-10 17:00:00,13.408165793190719,15.723017142794243,17
2019-11-10 18:00:00,12.96484237742116,12.507610221061839,18
2019-11-10 19:00:00,12.19056607466728,12.397612363907294,19
2019-11-10 20:00:00,11.098251925816658,12.458001320956887,20
2019-11-10 21:00:00,11.00715312238212,12.56104075100287,21
2019-11-10 22:00:00,12.83151301797998,12.942508398512539,22
2019-11-10 23:00:00,13.69379270780318,13.430440130070394,23
2019-11-11 01:00:00,11.14054005409158,13.49259896112018,1
2019-11-11 02:00:00,11.23142059346262,11.844460022714232,2
2019-11-11 03:00:00,11.13728374870876,11.67721795194334,3
2019-11-11 04:00:00,11.158943118814019,11.740762840582027,4
2019-11-11 05:00:00,11.22850965502276,11.760503779759153,5
2019-11-11 06:00:00,10.409415196969938,11.636041470501036,6
2019-11-11 07:00:00,11.49311080281462,14.305175024685079,7
2019-11-11 08:00:00,12.598424373175881,14.544137546451397,8
2019-11-11 09:00:00,13.65072213168008,17.38493852306796,9
2019-11-11 10:00:00,13.65503754624352,16.791897901535002,10
2019-11-11 11:00:00,12.38738235712018,16.409058787891922,11
2019-11-11 12:00:00,13.1847109922048,13.274586634242674,12
2019-11-11 13:00:00,11.46856847762522,13.161865055977144,13
2019-11-11 14:00:00,12.552225936217159,13.388319675753822,14
2019-11-11 15:00:00,13.040613146371058,13.83094659538508,15
2019-11-11 16:00:00,12.443221762902779,13.82758458005703,16
2019-11-11 17:00:00,12.117202538198718,13.91026265384158,17
2019-11-11 18:00:00,12.00175430695132,11.95992325481041,18
2019-11-11 19:00:00,10.97345492042358,11.73113627639998,19
2019-11-11 20:00:00,10.32842760717992,11.327280466455361,20
2019-11-11 21:00:00,9.91776520920582,11.176721220988917,21
2019-11-11 22:00:00,10.09378007779538,11.533681137236762,22
2019-11-11 23:00:00,12.19949310958668,12.224620129201385,23
2019-11-12 01:00:00,13.6694037410698,13.74829406052539,1
2019-11-12 02:00:00,13.682576976608381,13.790817822922145,2
2019-11-12 03:00:00,13.69061906637538,13.830198903517829,3
2019-11-12 04:00:00,13.58508515139276,13.763286857654007,4
2019-11-12 05:00:00,13.59125239799322,13.722090291579956,5
2019-11-12 06:00:00,13.62578897562246,13.495896841490348,6
2019-11-12 07:00:00,24.41203416572282,13.840212543482194,7
2019-11-12 08:00:00,28.696052181823383,28.375929093665047,8
2019-11-12 09:00:00,29.272762637635818,29.024604964227542,9
2019-11-12 10:00:00,28.87545163645394,28.81820283875129,10
2019-11-12 11:00:00,28.38627720344804,27.216663824018124,11
2019-11-12 12:00:00,24.38858169418308,26.56643873101576,12
2019-11-12 13:00:00,25.098529037140498,21.146913401930433,13
2019-11-12 14:00:00,22.458850628177238,25.607326483406304,14
2019-11-12 15:00:00,25.0156513597273,20.91188147260566,15
2019-11-12 16:00:00,24.40508877127762,25.88494946789318,16
2019-11-12 17:00:00,23.334581200983358,23.841126136927887,17
2019-11-12 18:00:00,24.233848134285218,21.847387432645572,18
2019-11-12 19:00:00,15.19625284588144,21.007883341894416,19
2019-11-12 20:00:00,11.00978306615274,13.277060257936958,20
2019-11-12 21:00:00,10.10428463619902,11.667333277006255,21
2019-11-12 22:00:00,11.019190390345258,13.008920783913743,22
2019-11-12 23:00:00,13.60432695845286,12.746150567106376,23
2019-11-13 01:00:00,13.59110438398592,13.811519493286342,1
2019-11-13 02:00:00,13.59495274539794,13.777885853449822,2
2019-11-13 03:00:00,13.64444812666088,13.80922394886282,3
2019-11-13 04:00:00,13.7709973501224,13.787587854072267,4
2019-11-13 05:00:00,14.12685021258224,13.887327425654078,5
2019-11-13 06:00:00,20.66178014885534,14.454312712162317,6
2019-11-13 07:00:00,22.630142656877418,26.32349693104831,7
2019-11-13 08:00:00,32.2501236334116,31.212242849339564,8
2019-11-13 09:00:00,32.56980978360476,33.48193355424958,9
2019-11-13 10:00:00,32.7449358903722,31.56043847086451,10
2019-11-13 11:00:00,33.65197328822376,30.749923775075548,11
2019-11-13 12:00:00,31.19838485591014,33.137951785022,12
2019-11-13 13:00:00,28.52415650264028,29.458770199088445,13
2019-11-13 14:00:00,25.92505379280422,27.060144972059874,14
2019-11-13 15:00:00,24.53592512594662,24.191679545733223,15
2019-11-13 16:00:00,22.92322370245318,24.46268391794633,16
2019-11-13 17:00:00,22.49215266870774,22.43604805012792,17
2019-11-13 18:00:00,20.74973494144134,20.2848727156288,18
2019-11-13 19:00:00,13.0251650590126,16.402614921880073,19
2019-11-13 20:00:00,13.11848122533214,12.972577960289279,20
2019-11-13 21:00:00,11.940365235617879,12.36268452689238,21
2019-11-13 22:00:00,10.51403978900288,13.109812677513492,22
2019-11-13 23:00:00,13.984179984557262,13.093308092451352,23
2019-11-14 01:00:00,13.69101376946892,14.065560442202006,1
2019-11-14 02:00:00,13.66007886416546,13.913804003048199,2
2019-11-14 03:00:00,13.654997051766681,13.815160012589816,3
2019-11-14 04:00:00,13.68636134630254,13.800061492201976,4
2019-11-14 05:00:00,14.14493365204898,13.841820052090748,5
2019-11-14 06:00:00,14.71268236180314,14.52861993587818,6
2019-11-14 07:00:00,28.80713039846366,18.81985979782683,7
2019-11-14 08:00:00,30.41963462179934,33.59234554250197,8
2019-11-14 09:00:00,33.155600449459136,31.932520487093402,9
2019-11-14 10:00:00,32.76297540758158,33.12123310333331,10
2019-11-14 11:00:00,32.73111274875814,31.049125469963947,11
2019-11-14 12:00:00,31.7564970579551,30.786878472185887,12
2019-11-14 13:00:00,32.4735483677068,30.63703003844077,13
2019-11-14 14:00:00,26.88939618927752,31.1743358648381,14
2019-11-14 15:00:00,25.27855400616036,26.260107856843707,15
2019-11-14 16:00:00,25.32128580979022,24.84876930290125,16
2019-11-14 17:00:00,22.46886874452506,25.2690379925515,17
2019-11-14 18:00:00,22.696180062485077,20.271885268356225,18
2019-11-14 19:00:00,18.62798618293258,17.116313490574917,19
2019-11-14 20:00:00,12.539939898610559,14.380149172649705,20
2019-11-14 21:00:00,13.623804568479379,12.481474807351837,21
2019-11-14 22:00:00,13.684649172710579,13.494820017674664,22
2019-11-14 23:00:00,14.102097731669161,14.017326292037689,23
2019-11-15 01:00:00,14.31461400168204,14.073667185293345,1
2019-11-15 02:00:00,16.1528978250857,14.614239412902538,2
2019-11-15 03:00:00,18.217683365801697,16.628608904202498,3
2019-11-15 04:00:00,20.01871435384756,20.6729925968926,4
2019-11-15 05:00:00,21.386097775531198,22.798187699566625,5
2019-11-15 06:00:00,22.69303677385934,24.570064455501893,6
2019-11-15 07:00:00,23.8668062045408,30.943362767579,7
2019-11-15 08:00:00,42.19955372072708,31.590668630782456,8
2019-11-15 09:00:00,38.62499544719386,41.05941503508663,9
2019-11-15 10:00:00,38.39145707980776,36.8269190469284,10
2019-11-15 11:00:00,36.8460043656688,36.30279033921675,11
2019-11-15 12:00:00,32.137307790381215,34.71041566328048,12
2019-11-15 13:00:00,28.24901918808616,30.531805753610573,13
2019-11-15 14:00:00,29.44938052893002,26.381452781624812,14
2019-11-15 15:00:00,28.79476602746106,29.320631255183898,15
2019-11-15 16:00:00,30.282698506694977,27.765507185152718,16
2019-11-15 17:00:00,29.378766844661342,29.58559294466927,17
2019-11-15 18:00:00,27.77437953337474,29.423839406290266,18
2019-11-15 19:00:00,21.9358302847613,20.42685079109495,19
2019-11-15 20:00:00,14.692045975849599,17.625512552132882,20
2019-11-15 21:00:00,16.60775756675098,15.385197424840904,21
2019-11-15 22:00:00,17.99073418702028,17.439535638370973,22
2019-11-15 23:00:00,19.09377189722752,17.665503064999683,23
2019-11-16 01:00:00,18.217292807155918,19.310081712542896,1
2019-11-16 02:00:00,19.80409202659428,19.758107131343177,2
2019-11-16 03:00:00,21.284706777751797,21.1998648224329,3
2019-11-16 04:00:00,22.50749513375948,22.816239522675996,4
2019-11-16 05:00:00,23.5476134769646,23.866741233006515,5
2019-11-16 06:00:00,24.330970711983216,24.602465281607902,6
2019-11-16 07:00:00,34.710744321351015,30.810899208882986,7
2019-11-16 08:00:00,39.40844783784416,38.148208170307605,8
2019-11-16 09:00:00,38.91013580030596,38.040491043691446,9
2019-11-16 10:00:00,35.106129662659036,36.48183253174352,10
2019-11-16 11:00:00,33.83075933125248,32.698609276083495,11
2019-11-16 12:00:00,28.072376324549758,33.10491713418786,12
2019-11-16 13:00:00,24.155461235464635,26.071741567421974,13
2019-11-16 14:00:00,20.72952998916628,22.47611190032616,14
2019-11-16 15:00:00,22.237174656392156,19.957666819951836,15
2019-11-16 16:00:00,21.1478019737836,22.829170020631718,16
2019-11-16 17:00:00,22.020282877323318,20.726168315935652,17
2019-11-16 18:00:00,21.0911684840324,20.499469693624732,18
2019-11-16 19:00:00,14.15333848377284,17.417342432603963,19
2019-11-16 20:00:00,11.556482995179,14.254980201270623,20
2019-11-16 21:00:00,13.394431515536638,13.567715917265037,21
2019-11-16 22:00:00,13.122991409495839,14.613886754666098,22
2019-11-16 23:00:00,13.23062814560516,14.140869711750817,23
2019-11-17 01:00:00,12.90265836934066,14.857515329215573,1
2019-11-17 02:00:00,12.900240809073281,13.886207424882205,2
2019-11-17 03:00:00,13.16189836562138,13.945191931411344,3
2019-11-17 04:00:00,13.722696033703599,14.165297280128145,4
2019-11-17 05:00:00,14.76340169682302,14.41108101498275,5
2019-11-17 06:00:00,15.8324824854203,15.680430855353213,6
2019-11-17 07:00:00,16.850362458056956,18.349428892868204,7
2019-11-17 08:00:00,34.12166853064632,26.788457955085523,8
2019-11-17 09:00:00,28.80546993602418,34.61909333616032,9
2019-11-17 10:00:00,28.10724839689184,27.823368627021765,10
2019-11-17 11:00:00,23.02951235692848,27.17130539019768,11
2019-11-17 12:00:00,20.64760397084774,21.29188658961546,12
2019-11-17 13:00:00,21.82234395508342,19.799151081722183,13
2019-11-17 14:00:00,23.33958350776298,22.214256857899336,14
2019-11-17 15:00:00,25.227303348493198,24.251254496050034,15
2019-11-17 16:00:00,24.616037109480597,25.698639237970063,16
2019-11-17 17:00:00,23.31921511646828,24.27112665702777,17
2019-11-17 18:00:00,25.26907674580078,21.657172124571208,18
2019-11-17 19:00:00,20.03724576033934,21.57679134317428,19
2019-11-17 20:00:00,15.970535679196098,16.669211605626177,20
2019-11-17 21:00:00,13.98473776000348,15.272519919260587,21
2019-11-17 22:00:00,14.993848261735678,13.778799749051418,22
2019-11-17 23:00:00,13.74318001397966,14.871383316945893,23
2019-11-18 01:00:00,12.157104122897739,13.539711398802762,1
2019-11-18 02:00:00,13.769493568363817,12.27723248270082,2
2019-11-18 03:00:00,15.40562125782048,13.670258001636574,3
2019-11-18 04:00:00,16.6277907327775,16.396244035244532,4
2019-11-18 05:00:00,17.866604862716898,17.908672765178157,5
2019-11-18 06:00:00,18.84646838827376,20.481438967890867,6
2019-11-18 07:00:00,19.717629021312817,24.791575164532304,7
2019-11-18 08:00:00,32.486705822677195,26.73722008747984,8
2019-11-18 09:00:00,30.715688253086498,33.00726982745163,9
2019-11-18 10:00:00,26.53175561983196,29.13255666296617,10
2019-11-18 11:00:00,27.67464869247902,24.7464972638141,11
2019-11-18 12:00:00,24.52189920361478,27.261825588526378,12
2019-11-18 13:00:00,23.34305684665276,21.830142446718437,13
2019-11-18 14:00:00,21.7884884168879,22.47268121154715,14
2019-11-18 15:00:00,22.842025559716937,20.535685984785218,15
2019-11-18 16:00:00,22.04324920958526,23.277430846434132,16
2019-11-18 17:00:00,22.54646590660274,21.13648439608311,17
2019-11-18 18:00:00,25.074926601591898,20.544527497554313,18
2019-11-18 19:00:00,22.80484152719196,22.006349445543172,19
2019-11-18 20:00:00,17.57304115008834,17.750190799805818,20
2019-11-18 21:00:00,19.69079345262216,17.20863270987517,21
2019-11-18 22:00:00,18.58085502022768,19.29922816839598,22
2019-11-18 23:00:00,12.31416441799032,18.849643526379552,23
2019-11-19 01:00:00,15.200995274675378,14.109957927780314,1
2019-11-19 02:00:00,15.409368577485,15.842637511472047,2
2019-11-19 03:00:00,15.601876648158,16.48000007590865,3
2019-11-19 04:00:00,15.738019893183619,16.967708496867097,4
2019-11-19 05:00:00,16.01270964904636,17.154881499953166,5
2019-11-19 06:00:00,16.24007276427004,17.42441639843601,6
2019-11-19 07:00:00,28.37178755574522,19.23482753358124,7
2019-11-19 08:00:00,29.7621816569485,32.76898290032063,8
2019-11-19 09:00:00,30.19084682210258,32.44068786513164,9
2019-11-19 10:00:00,27.825918271827916,29.426375931307874,10
2019-11-19 11:00:00,22.316000952786478,25.365092501231512,11
2019-11-19 12:00:00,19.64642607546162,20.57682784842804,12
2019-11-19 13:00:00,20.63461290489934,18.753636618104967,13
2019-11-19 14:00:00,20.702960451243996,21.58349718379931,14
2019-11-19 15:00:00,19.973140503499618,21.235104690834547,15
2019-11-19 16:00:00,20.96261385618878,20.66249202269723,16
2019-11-19 17:00:00,21.3682822612788,21.355812492042148,17
2019-11-19 18:00:00,21.055992653113982,19.8569846161823,18
2019-11-19 19:00:00,12.909624652691459,17.047899069078806,19
2019-11-19 20:00:00,10.620702013221479,13.364243574880138,20
2019-11-19 21:00:00,11.7624400210556,13.093048648313278,21
2019-11-19 22:00:00,11.21320396222266,13.80714337413013,22
2019-11-19 23:00:00,14.94557965367638,13.886965699893404,23
2019-11-20 01:00:00,13.6530235335212,14.761491620758735,1
2019-11-20 02:00:00,13.66871300718388,14.016669070916235,2
2019-11-20 03:00:00,13.63166019420832,14.04603349430841,3
2019-11-20 04:00:00,13.634028415547341,14.057684029994746,4
2019-11-20 05:00:00,13.69081641931104,14.057064938174294,5
2019-11-20 06:00:00,13.846086793527238,14.249234236735445,6
2019-11-20 07:00:00,26.05982803395686,15.739182581765881,7
2019-11-20 08:00:00,31.802943089556337,31.05447123391521,8
2019-11-20 09:00:00,32.622884309397676,33.169215649342334,9
2019-11-20 10:00:00,31.15911192449182,31.529537238513086,10
2019-11-20 11:00:00,27.233904612106258,29.159961889406787,11
2019-11-20 12:00:00,23.40467642650394,24.27993473008949,12
2019-11-20 13:00:00,20.938829395494558,21.348508414481707,13
2019-11-20 14:00:00,18.77605724027822,19.54172912352407,14
2019-11-20 15:00:00,20.65114066256598,17.916889254674565,15
2019-11-20 16:00:00,19.16658850270298,21.319866387846332,16
2019-11-20 17:00:00,19.67067964764224,18.897527627995743,17
2019-11-20 18:00:00,19.95474443322722,18.656616605157783,18
2019-11-20 19:00:00,13.248149673511259,16.571008785051838,19
2019-11-20 20:00:00,10.257926609112499,12.135436862439139,20
2019-11-20 21:00:00,11.589786213488217,11.833512877253884,21
2019-11-20 22:00:00,14.588422092950559,13.315827861031535,22
2019-11-20 23:00:00,14.77432756111926,14.583631531167168,23
2019-11-21 01:00:00,13.66294046645474,14.492365556226405,1
2019-11-21 02:00:00,13.6386033830962,13.789480249545187,2
2019-11-21 03:00:00,14.070682975981821,13.831717771504248,3
2019-11-21 04:00:00,15.112322131514698,14.113920233628557,4
2019-11-21 05:00:00,16.5867591721745,16.11101985920546,5
2019-11-21 06:00:00,17.709889601233677,17.785199216058412,6
2019-11-21 07:00:00,18.772898546084598,22.977263394476108,7
2019-11-21 08:00:00,41.831659073633816,27.651603873927883,8
2019-11-21 09:00:00,36.54759849361096,40.13059002014372,9
2019-11-21 10:00:00,35.51813313392822,34.186026618849894,10
2019-11-21 11:00:00,32.63625975343136,34.002158293431684,11
2019-11-21 12:00:00,32.154983471188416,30.22900665227694,12
2019-11-21 13:00:00,29.718212580106602,30.719837171555536,13
2019-11-21 14:00:00,25.8406431308313,28.413934024339415,14
2019-11-21 15:00:00,27.679519938042674,24.021356481389777,15
2019-11-21 16:00:00,27.460448651674678,27.448468335256656,16
2019-11-21 17:00:00,27.306144550453716,27.20880224739225,17
2019-11-21 18:00:00,26.988832624382162,27.197215938585273,18
2019-11-21 19:00:00,18.179104037716037,19.667318481924973,19
2019-11-21 20:00:00,14.089624382801599,14.661932206880788,20
2019-11-21 21:00:00,14.16771458138482,14.081875989117572,21
2019-11-21 22:00:00,16.15758095938776,14.220388378006284,22
2019-11-21 23:00:00,15.418526765367098,15.895582772745977,23
2019-11-22 01:00:00,13.7705451414273,15.849774424556147,1
2019-11-22 02:00:00,14.26723939156016,14.126185928363798,2
2019-11-22 03:00:00,14.664239495271099,14.568810347951434,3
2019-11-22 04:00:00,15.418442031965979,14.962081234368618,4
2019-11-22 05:00:00,16.067693420811118,16.820733961724226,5
2019-11-22 06:00:00,16.59650826608488,17.432921479760992,6
2019-11-22 07:00:00,17.14916588876618,18.279773704183498,7
2019-11-22 08:00:00,36.71756663236314,26.723832017626318,8
2019-11-22 09:00:00,35.66252716055446,35.52782441405991,9
2019-11-22 10:00:00,34.15231695516504,35.02684013367852,10
2019-11-22 11:00:00,34.90527901031198,32.95649464670879,11
2019-11-22 12:00:00,33.2528642967146,33.027127964970596,12
2019-11-22 13:00:00,31.546006347896,32.79336366073628,13
2019-11-22 14:00:00,28.389256155831198,30.388206058728464,14
2019-11-22 15:00:00,25.629671270387277,27.659270516200742,15
2019-11-22 16:00:00,24.146149994682318,24.267318306541917,16
2019-11-22 17:00:00,24.159977761300077,23.8418843817857,17
2019-11-22 18:00:00,22.05518255524304,23.5416425416422,18
2019-11-22 19:00:00,15.549164144876919,16.95651993585441,19
2019-11-22 20:00:00,12.3528752711812,13.743050582445328,20
2019-11-22 21:00:00,14.861391705770519,12.559805951246888,21
2019-11-22 22:00:00,13.5719119130764,14.375744051709411,22
2019-11-22 23:00:00,15.15388455920906,14.361967961397976,23
2019-11-23 01:00:00,13.58587455757984,14.828329084638465,1
2019-11-23 02:00:00,13.96060725458798,13.795770035236593,2
2019-11-23 03:00:00,15.34138937310168,14.032718334370408,3
2019-11-23 04:00:00,16.9515583806803,16.076408205044952,4
2019-11-23 05:00:00,18.161356509629137,18.063250593312734,5
2019-11-23 06:00:00,19.28653700143948,22.14842846606751,6
2019-11-23 07:00:00,30.20875020031416,26.42476610137473,7
2019-11-23 08:00:00,38.18466247548332,35.958928378245695,8
2019-11-23 09:00:00,33.22559288878638,36.74005439020897,9
2019-11-23 10:00:00,31.728713055172356,32.86001239176088,10
2019-11-23 11:00:00,27.37665219574868,31.661892456090115,11
2019-11-23 12:00:00,21.693244321248237,25.42259678809307,12
2019-11-23 13:00:00,17.396512806087998,19.6180246735051,13
2019-11-23 14:00:00,16.990849217668497,17.914975974020628,14
2019-11-23 15:00:00,15.71392239612786,17.388806795399,15
2019-11-23 16:00:00,17.011809506658942,16.532136842194344,16
2019-11-23 17:00:00,16.9126777662425,16.532341748131984,17
2019-11-23 18:00:00,18.7855704589999,15.593563921698326,18
2019-11-23 19:00:00,12.965431708448179,13.985922145871038,19
2019-11-23 20:00:00,10.67452725350386,12.410740413559298,20
2019-11-23 21:00:00,13.87429886609688,11.823715675971624,21
2019-11-23 22:00:00,12.28447109979124,13.882248003177784,22
2019-11-23 23:00:00,13.7918447279114,13.073129660214532,23
2019-11-24 01:00:00,13.06909909138202,13.875268804522435,1
2019-11-24 02:00:00,15.06361140087948,13.121650963252556,2
2019-11-24 03:00:00,18.3147256378799,15.115302215517989,3
2019-11-24 04:00:00,20.87477969703262,20.978663897452556,4
2019-11-24 05:00:00,22.993617280990218,22.978061551477648,5
2019-11-24 06:00:00,25.44696814366934,24.555841491448895,6
2019-11-24 07:00:00,32.97042064575986,30.03273721426659,7
2019-11-24 08:00:00,40.77059138866924,36.84331027324176,8
2019-11-24 09:00:00,36.36405051343936,38.80040979878883,9
2019-11-24 10:00:00,35.967185115391736,34.59622091434803,10
2019-11-24 11:00:00,31.0342706190633,34.13012280307315,11
2019-11-24 12:00:00,23.732177346837798,29.498804775575135,12
2019-11-24 13:00:00,21.12444786065588,22.072111829291334,13
2019-11-24 14:00:00,17.2964972816312,19.721755895595948,14
2019-11-24 15:00:00,19.46580266429634,18.99633868272333,15
2019-11-24 16:00:00,20.3601442603246,19.7051509829142,16
2019-11-24 17:00:00,20.834228128480277,20.315946665263287,17
2019-11-24 18:00:00,22.2644666448924,18.82719764932544,18
2019-11-24 19:00:00,17.33468174551208,15.499111454772773,19
2019-11-24 20:00:00,13.148713641184719,13.219285316447863,20
2019-11-24 21:00:00,14.599188148785622,12.380044641882868,21
2019-11-24 22:00:00,13.796613034503821,14.235889709384157,22
2019-11-24 23:00:00,13.001963229340038,14.342952105872573,23
2019-11-25 01:00:00,13.3238699785319,11.8833358696968,1
2019-11-25 02:00:00,14.38980618405796,12.472266008488653,2
2019-11-25 03:00:00,15.26869096216522,14.526765953526246,3
2019-11-25 04:00:00,16.11710281589416,15.986043849370217,4
2019-11-25 05:00:00,16.91353099192508,17.2915861159761,5
2019-11-25 06:00:00,22.95966027882464,18.005781958800004,6
2019-11-25 07:00:00,26.526369043300477,30.193872771058654,7
2019-11-25 08:00:00,30.779760121010618,31.535620195264556,8
2019-11-25 09:00:00,26.80536414705194,33.160270109480805,9
2019-11-25 10:00:00,24.21183608334226,26.1081999347942,10
2019-11-25 11:00:00,24.65419553445176,21.913707793114135,11
2019-11-25 12:00:00,24.44397597460958,25.22507449127703,12
2019-11-25 13:00:00,23.836481860836898,23.82295613133222,13
2019-11-25 14:00:00,18.65130852936822,23.20641418029463,14
2019-11-25 15:00:00,18.89524192729256,17.736592071478213,15
2019-11-25 16:00:00,16.7729322516684,18.257744858908975,16
2019-11-25 17:00:00,18.09082617264936,16.67069241311654,17
2019-11-25 18:00:00,18.760779816945178,16.39501731884221,18
2019-11-25 19:00:00,17.794622230130837,13.480699224845484,19
2019-11-25 20:00:00,13.571239079204801,12.950554059745288,20
2019-11-25 21:00:00,15.82659967238072,12.89989424452944,21
2019-11-25 22:00:00,11.1340767822543,14.415385408715958,22
2019-11-25 23:00:00,12.24427976486042,12.450829219155723,23
2019-11-26 01:00:00,14.8402618860889,13.85355731643907,1
2019-11-26 02:00:00,16.56414118463568,14.709995661723186,2
2019-11-26 03:00:00,18.478196951990178,17.068900502980757,3
2019-11-26 04:00:00,19.826970156007878,20.73055691093448,4
2019-11-26 05:00:00,21.061920141189297,22.543673911249808,5
2019-11-26 06:00:00,24.24756739248284,23.66673572423528,6
2019-11-26 07:00:00,30.600244996843077,29.876366315327797,7
2019-11-26 08:00:00,35.254971045620934,35.1860249673806,8
2019-11-26 09:00:00,36.69446215276846,34.69745002134221,9
2019-11-26 10:00:00,39.0126787378958,34.806900292127914,10
2019-11-26 11:00:00,36.89342569805028,37.402502005091705,11
2019-11-26 12:00:00,33.463401290144056,34.48923576812174,12
2019-11-26 13:00:00,30.34218679873002,32.47465309765356,13
2019-11-26 14:00:00,28.5275793220452,27.716995945778017,14
2019-11-26 15:00:00,32.28818431941568,28.118913296424722,15
2019-11-26 16:00:00,31.052643664317277,32.0640227412589,16
2019-11-26 17:00:00,28.60805944754036,30.798865821211656,17
2019-11-26 18:00:00,28.51939765161098,27.726021666728062,18
2019-11-26 19:00:00,21.23827644616312,21.267303120818607,19
2019-11-26 20:00:00,16.13018691525032,16.406245184142243,20
2019-11-26 21:00:00,15.75595781031172,16.738523269385528,21
2019-11-26 22:00:00,14.740378456182219,16.235588360488833,22
2019-11-26 23:00:00,14.683996780521358,14.95264538727852,23
2019-11-27 01:00:00,18.666171485703018,14.483645798217847,1
2019-11-27 02:00:00,19.27203911761896,20.483882884209983,2
2019-11-27 03:00:00,19.9250811206077,20.764905997747174,3
2019-11-27 04:00:00,20.44786879994862,22.084982369151838,4
2019-11-27 05:00:00,20.900043761688302,22.388905690808727,5
2019-11-27 06:00:00,21.6880208087361,23.36398824074505,6
2019-11-27 07:00:00,32.01453791438762,30.770662849076363,7
2019-11-27 08:00:00,35.1191371925095,35.99983568974685,8
2019-11-27 09:00:00,36.02199758424168,34.98272855341322,9
2019-11-27 10:00:00,40.57030964788842,34.83272344559279,10
2019-11-27 11:00:00,40.334961701276875,38.31888834105115,11
2019-11-27 12:00:00,37.167645978537436,37.63418917581854,12
2019-11-27 13:00:00,35.617967777684754,34.90875472050848,13
2019-11-27 14:00:00,34.68619628782372,33.394764920733024,14
2019-11-27 15:00:00,38.15176892139072,33.07359344751043,15
2019-11-27 16:00:00,35.27090966392738,36.82408195992225,16
2019-11-27 17:00:00,36.71793209932218,33.29474345300426,17
2019-11-27 18:00:00,33.276891715936515,36.267818403183114,18
2019-11-27 19:00:00,25.37120459139188,25.375509458645542,19
2019-11-27 20:00:00,18.793809101701918,19.41518683002426,20
2019-11-27 21:00:00,22.80708057064986,19.14844354761898,21
2019-11-27 22:00:00,19.17889662643836,18.50648228542456,22
2019-11-27 23:00:00,17.766403196444518,18.560976038238284,23
2019-11-28 01:00:00,20.35619898772394,16.779384450363633,1
2019-11-28 02:00:00,22.556340236724417,21.793127395889773,2
2019-11-28 03:00:00,24.728480918880017,24.345190312909466,3
2019-11-28 04:00:00,26.40791328464706,26.507334822507616,4
2019-11-28 05:00:00,27.832040926726037,27.816684101318657,5
2019-11-28 06:00:00,29.042383344999198,29.04185648248985,6
2019-11-28 07:00:00,30.157573381594958,36.432470381835735,7
2019-11-28 08:00:00,50.05903347775029,38.56781006693405,8
2019-11-28 09:00:00,44.851191539257854,49.24935029343394,9
2019-11-28 10:00:00,46.25560646001112,42.57976881695017,10
2019-11-28 11:00:00,42.83498555129435,44.768858806239244,11
2019-11-28 12:00:00,37.2164433425753,40.70556387718726,12
2019-11-28 13:00:00,37.872855381593396,35.472746643989524,13
2019-11-28 14:00:00,35.184422680848954,36.42550831179641,14
2019-11-28 15:00:00,35.37365500167914,33.085301775850446,15
2019-11-28 16:00:00,35.5251725728931,33.738343747931694,16
2019-11-28 17:00:00,37.2353484410327,33.83725322439639,17
2019-11-28 18:00:00,34.7764209877812,36.873826632270266,18
2019-11-28 19:00:00,25.749089279810498,25.968827473018056,19
2019-11-28 20:00:00,19.77597378465526,19.60030191511316,20
2019-11-28 21:00:00,23.9767938203086,19.029818462002414,21
2019-11-28 22:00:00,23.53041338264898,20.378119514518406,22
2019-11-28 23:00:00,22.503470430539718,20.084369567832862,23
2019-11-29 01:00:00,25.65994380016084,23.505809209845417,1
2019-11-29 02:00:00,27.050848871217337,26.680717702576175,2
2019-11-29 03:00:00,28.078713371286057,28.1865699376737,3
2019-11-29 04:00:00,29.019400896057697,29.222326007673825,4
2019-11-29 05:00:00,29.80835386610846,30.57731661323157,5
2019-11-29 06:00:00,30.502467676954616,30.91261182604769,6
2019-11-29 07:00:00,36.79548823358926,35.43134643945645,7
2019-11-29 08:00:00,44.4589389143449,42.96006471705552,8
2019-11-29 09:00:00,47.602619445953984,42.54914924372834,9
2019-11-29 10:00:00,46.72524452461016,45.96050553392209,10
2019-11-29 11:00:00,46.82979420547206,43.319873908029216,11
2019-11-29 12:00:00,46.64209211086605,43.24345810767006,12
2019-11-29 13:00:00,42.48520281035728,43.69552737397525,13
2019-11-29 14:00:00,43.599091620912056,40.65644036510648,14
2019-11-29 15:00:00,46.93665783818513,41.39071152678011,15
2019-11-29 16:00:00,44.6748584065248,44.53691026804619,16
2019-11-29 17:00:00,42.00137566774032,43.03818486044756,17
2019-11-29 18:00:00,41.40060808990442,40.16915423850245,18
2019-11-29 19:00:00,29.269822576950443,31.35754773618521,19
2019-11-29 20:00:00,25.324770690355898,25.28876552845145,20
2019-11-29 21:00:00,26.036462279153156,24.344652543874698,21
2019-11-29 22:00:00,26.134590790989236,23.62452710192964,22
2019-11-29 23:00:00,25.23654105866114,24.132363304450692,23
2019-11-30 01:00:00,29.227332431847238,25.790221632853715,1
2019-11-30 02:00:00,28.94402064964244,30.975296783467126,2
2019-11-30 03:00:00,29.21263328953238,30.32499343352929,3
2019-11-30 04:00:00,29.85662262972344,30.59278658165407,4
2019-11-30 05:00:00,30.438722895403277,30.96605074100567,5
2019-11-30 06:00:00,31.20283010668856,31.345269922189146,6
2019-11-30 07:00:00,35.7952921917664,36.56100331766558,7
2019-11-30 08:00:00,44.509702282733336,43.96069759659054,8
2019-11-30 09:00:00,48.8614139640999,42.87449311820676,9
2019-11-30 10:00:00,46.97316965628343,47.99966126396722,10
2019-11-30 11:00:00,45.98123169328926,43.82318594812341,11
2019-11-30 12:00:00,46.765873007112916,43.214077356982855,12
2019-11-30 13:00:00,42.434235330694435,43.80270518162768,13
2019-11-30 14:00:00,42.88278100341958,40.972498394758006,14
2019-11-30 15:00:00,44.5440369407566,40.84383688384614,15
2019-11-30 16:00:00,45.66461942333298,43.38580066582418,16
2019-11-30 17:00:00,42.84676952461042,43.81731270059588,17
2019-11-30 18:00:00,36.7914172525547,41.91567710278923,18
2019-11-30 19:00:00,31.62802656073434,28.407603178358944,19
2019-11-30 20:00:00,23.769122229171458,26.906159374751365,20
2019-11-30 21:00:00,23.816954631326237,25.186840336506926,21
2019-11-30 22:00:00,20.44887285352964,23.654071651101802,22
2019-11-30 23:00:00,20.81988941700932,21.992930265137506,23
2019-12-01 01:00:00,18.8863944424368,22.838725869666003,1
2019-12-01 02:00:00,19.19728569948294,20.632613809295353,2
2019-12-01 03:00:00,19.46145947471068,21.613201829618333,3
2019-12-01 04:00:00,19.7647486034529,22.734722521784725,4
2019-12-01 05:00:00,20.07779583722382,23.241375031694123,5
2019-12-01 06:00:00,20.372663028672942,24.322424995337677,6
2019-12-01 07:00:00,20.8297117332005,29.277396378415215,7
2019-12-01 08:00:00,36.28452958593378,31.65626853459568,8
2019-12-01 09:00:00,32.533174082074,36.53944363466018,9
2019-12-01 10:00:00,32.53111327764758,33.03730075837831,10
2019-12-01 11:00:00,31.86804004718942,32.733725771543824,11
2019-12-01 12:00:00,29.13663900929256,31.752871915505303,12
2019-12-01 13:00:00,30.185869862565458,28.8787047693087,13
2019-12-01 14:00:00,28.428189498088955,29.542008943682387,14
2019-12-01 15:00:00,28.382854439598717,28.584531157953208,15
2019-12-01 16:00:00,26.499088779809618,28.278475245497795,16
2019-12-01 17:00:00,28.20728045747298,27.22796080671744,17
2019-12-01 18:00:00,27.814897843567138,27.643934488436187,18
2019-12-01 19:00:00,23.276474646164818,21.975414603518836,19
2019-12-01 20:00:00,18.76917655421812,18.96564586065241,20
2019-12-01 21:00:00,19.8141961846776,19.022428769846055,21
2019-12-01 22:00:00,17.961989322357738,19.141843347364492,22
2019-12-01 23:00:00,14.14850450490566,18.820432422187643,23
2019-12-02 01:00:00,14.775056914480519,14.734209125295076,1
2019-12-02 02:00:00,16.11838651414334,15.507442670539165,2
2019-12-02 03:00:00,17.552962545136577,17.123835097917258,3
2019-12-02 04:00:00,18.69935628725084,18.84708942661791,4
2019-12-02 05:00:00,19.692974518255898,20.31738424781985,5
2019-12-02 06:00:00,20.62873766686582,22.52094296041544,6
2019-12-02 07:00:00,31.862827626352818,26.395125077746435,7
2019-12-02 08:00:00,32.1716871678847,36.275072314150286,8
2019-12-02 09:00:00,31.38606244494098,32.28654628675786,9
2019-12-02 10:00:00,29.602186287285637,30.833392698520225,10
2019-12-02 11:00:00,30.998652826680196,29.35689468308174,11
2019-12-02 12:00:00,29.55140539943874,30.42010935760274,12
2019-12-02 13:00:00,30.4939533256987,29.038956401983082,13
2019-12-02 14:00:00,29.222647569766018,28.940343920218933,14
2019-12-02 15:00:00,30.46112231887836,29.72186780376127,15
2019-12-02 16:00:00,31.091027825580138,30.053343427045576,16
2019-12-02 17:00:00,30.07966906927156,31.31951902621643,17
2019-12-02 18:00:00,29.33431068131866,30.283074211265546,18
2019-12-02 19:00:00,29.026491285063337,24.387840873747432,19
2019-12-02 20:00:00,20.6158906038104,23.592125094540144,20
2019-12-02 21:00:00,22.50629959669194,19.798746460471236,21
2019-12-02 22:00:00,18.00005574447752,19.808511559892064,22
2019-12-02 23:00:00,18.223729803972176,19.000723746299148,23
2019-12-03 01:00:00,20.361759900506,18.479907478976017,1
2019-12-03 02:00:00,20.157644709436198,21.87257836412653,2
2019-12-03 03:00:00,19.84701376370942,21.69518095968301,3
2019-12-03 04:00:00,19.6106223412631,21.642789154421017,4
2019-12-03 05:00:00,19.50959829933282,21.312872853951458,5
2019-12-03 06:00:00,23.51963950736322,22.291687037964913,6
2019-12-03 07:00:00,24.655242274178036,30.441155417217697,7
2019-12-03 08:00:00,35.274347094455095,31.97580540086691,8
2019-12-03 09:00:00,33.90553105773648,35.713128282269786,9
2019-12-03 10:00:00,35.49623441640926,34.426629834977255,10
2019-12-03 11:00:00,34.2127923424342,33.93365022629825,11
2019-12-03 12:00:00,32.301549343996584,34.018011484634414,12
2019-12-03 13:00:00,30.60263652931186,30.886330673488487,13
2019-12-03 14:00:00,26.345336217918778,29.296010032613932,14
2019-12-03 15:00:00,22.99320111954618,26.788162938920042,15
2019-12-03 16:00:00,22.99609620797336,22.650800439126925,16
2019-12-03 17:00:00,21.80510954407368,22.594983157472726,17
2019-12-03 18:00:00,20.873236643020398,20.516055839517612,18
2019-12-03 19:00:00,13.900891795704538,17.63012572826495,19
2019-12-03 20:00:00,11.95487593611532,13.861984857549821,20
2019-12-03 21:00:00,10.840685755875,13.720229715242029,21
2019-12-03 22:00:00,12.2204054152054,14.07748113597275,22
2019-12-03 23:00:00,12.0927711464314,13.612748593944382,23
2019-12-04 01:00:00,12.959151325646099,14.395315180700962,1
2019-12-04 02:00:00,12.963295715072718,14.173670697266418,2
2019-12-04 03:00:00,13.03646392360724,14.02087135946893,3
2019-12-04 04:00:00,12.998282381950919,14.011193232839664,4
2019-12-04 05:00:00,13.35897845939644,13.986484098350598,5
2019-12-04 06:00:00,14.01772940028566,14.98854909958249,6
2019-12-04 07:00:00,15.1792786156354,19.394383853621786,7
2019-12-04 08:00:00,35.297355529528495,25.362228171807985,8
2019-12-04 09:00:00,34.816348264167445,35.23056304439296,9
2019-12-04 10:00:00,32.683876394302416,33.74786547029403,10
2019-12-04 11:00:00,31.105323400905476,30.69019519983192,11
2019-12-04 12:00:00,29.205002311205376,29.682832419958082,12
2019-12-04 13:00:00,25.524396333389618,28.72262056827805,13
2019-12-04 14:00:00,26.70322146256008,23.639335227143256,14
2019-12-04 15:00:00,26.88653065365176,27.110353608881255,15
2019-12-04 16:00:00,26.07539368529826,27.057590251155624,16
2019-12-04 17:00:00,27.19008138815882,25.537335114162808,17
2019-12-04 18:00:00,26.80981983950538,27.29824412630242,18
2019-12-04 19:00:00,19.37177009184812,21.09642031214415,19
2019-12-04 20:00:00,13.69615702358352,15.066627828124389,20
2019-12-04 21:00:00,15.541542572113,13.812754993423093,21
2019-12-04 22:00:00,16.783557754613238,15.57354696367135,22
2019-12-04 23:00:00,14.916599416603319,16.00863374771081,23
2019-12-05 01:00:00,17.8619915812485,14.9544099086198,1
2019-12-05 02:00:00,19.52927202062734,19.37708715624214,2
2019-12-05 03:00:00,20.97233114729594,21.56513023089404,3
2019-12-05 04:00:00,22.227132045580298,22.942377463193175,4
2019-12-05 05:00:00,23.382174180724377,24.25368090767695,5
2019-12-05 06:00:00,25.13897291394002,24.722685421098173,6
2019-12-05 07:00:00,28.826945000426438,30.271885748929854,7
2019-12-05 08:00:00,42.08626941343303,34.72840866304726,8
2019-12-05 09:00:00,41.14037267338292,40.271763130412076,9
2019-12-05 10:00:00,39.19789501940204,38.82582149947484,10
2019-12-05 11:00:00,35.26089104757916,36.49023922484194,11
2019-12-05 12:00:00,34.32729609237046,32.68466672814739,12
2019-12-05 13:00:00,29.30232889462214,33.39994347725977,13
2019-12-05 14:00:00,27.936738146594855,28.130931783862923,14
2019-12-05 15:00:00,29.82727956736012,27.289849877584743,15
2019-12-05 16:00:00,31.3059636141953,30.262093692314302,16
2019-12-05 17:00:00,30.5069502527629,31.5127623536899,17
2019-12-05 18:00:00,30.10518009245814,30.45188396370387,18
2019-12-05 19:00:00,19.80210745556218,23.6674625594165,19
2019-12-05 20:00:00,18.98331097552552,17.904282904177126,20
2019-12-05 21:00:00,15.678577198407279,19.605338609232366,21
2019-12-05 22:00:00,16.650159986783997,16.708028106716874,22
2019-12-05 23:00:00,14.71237145322108,17.032210264395,23
2019-12-06 01:00:00,18.015572470779777,15.180580162567491,1
2019-12-06 02:00:00,21.09044935567932,20.25072496918879,2
2019-12-06 03:00:00,22.2993490755761,22.67930144006888,3
2019-12-06 04:00:00,22.07518844069218,23.78187803315565,4
2019-12-06 05:00:00,22.307005690034718,23.47980491323707,5
2019-12-06 06:00:00,22.909008521636597,23.727752472429184,6
2019-12-06 07:00:00,32.33287012460874,30.24099154645051,7
2019-12-06 08:00:00,38.29919198099574,36.82492140126137,8
2019-12-06 09:00:00,40.32767523989216,36.9022409457965,9
2019-12-06 10:00:00,40.87240274511826,38.32025143565088,10
2019-12-06 11:00:00,40.90318088362964,38.39730000905658,11
2019-12-06 12:00:00,39.76011683306802,37.85585059120797,12
2019-12-06 13:00:00,37.118779508888736,37.32901920400471,13
2019-12-06 14:00:00,36.23036601482518,35.200249252124,14
2019-12-06 15:00:00,37.96552851684296,35.15903954838819,15
2019-12-06 16:00:00,37.430306683110274,36.93902040070058,16
2019-12-06 17:00:00,37.53428545240433,36.270878610892424,17
2019-12-06 18:00:00,33.6993373205594,36.68346055852811,18
2019-12-06 19:00:00,24.730434339887196,25.97506611559377,19
2019-12-06 20:00:00,23.39735443731302,20.0298729060421,20
2019-12-06 21:00:00,23.055147257991937,21.699976814624474,21
2019-12-06 22:00:00,21.23832490453522,20.22075288864124,22
2019-12-06 23:00:00,20.76369383038622,20.306521333409876,23
2019-12-07 01:00:00,23.421904320841797,21.466861455506233,1
2019-12-07 02:00:00,24.53389745210226,24.820922225561777,2
2019-12-07 03:00:00,25.8210361290346,25.382719470607412,3
2019-12-07 04:00:00,26.935036642456517,26.726210570815606,4
2019-12-07 05:00:00,27.72926889728626,28.12675001987793,5
2019-12-07 06:00:00,30.54651635941576,28.784261846547906,6
2019-12-07 07:00:00,33.54797645780414,35.686429051941914,7
2019-12-07 08:00:00,44.21701245969278,40.170648800447964,8
2019-12-07 09:00:00,45.3627415818309,42.61390054342548,9
2019-12-07 10:00:00,44.42251574353972,42.70871591647711,10
2019-12-07 11:00:00,42.96515091653768,41.85947515290133,11
2019-12-07 12:00:00,40.172094873761296,40.023970617930324,12
2019-12-07 13:00:00,35.66991359701916,37.39841751090303,13
2019-12-07 14:00:00,36.80055529042068,33.89144766217335,14
2019-12-07 15:00:00,36.641435146457994,36.866298461284,15
2019-12-07 16:00:00,37.72316208683886,36.80067746629229,16
2019-12-07 17:00:00,34.5987145122828,36.84728734949435,17
2019-12-07 18:00:00,33.39634588094422,32.04089009614148,18
2019-12-07 19:00:00,28.87845654163564,25.785452840108245,19
2019-12-07 20:00:00,21.09781388657094,23.622939758120314,20
2019-12-07 21:00:00,21.3491987876787,21.290820989332918,21
2019-12-07 22:00:00,20.63937631426562,20.90149579636308,22
2019-12-07 23:00:00,22.3484153926069,20.77091217906301,23
2019-12-08 01:00:00,22.27875470354506,24.917420420655677,1
2019-12-08 02:00:00,23.47889349976644,24.001671202169195,2
2019-12-08 03:00:00,24.472635714204017,24.41697401191258,3
2019-12-08 04:00:00,25.35172130080526,25.31476485614883,4
2019-12-08 05:00:00,26.011495392512998,26.521101417735753,5
2019-12-08 06:00:00,26.587137955804458,27.557941915409078,6
2019-12-08 07:00:00,35.3274833036307,31.896035104376956,7
2019-12-08 08:00:00,38.87585780066136,40.39046141634576,8
2019-12-08 09:00:00,38.24745040904696,37.69313765713934,9
2019-12-08 10:00:00,36.97602155579358,35.699868047499464,10
2019-12-08 11:00:00,33.50764454776086,34.589830473159104,11
2019-12-08 12:00:00,31.335553679534,32.178980361405436,12
2019-12-08 13:00:00,29.26015873033048,30.447003760980255,13
2019-12-08 14:00:00,27.20848729732798,29.346833451387855,14
2019-12-08 15:00:00,27.1355180278415,27.78440557520303,15
2019-12-08 16:00:00,26.03881157547704,27.79682352606919,16
2019-12-08 17:00:00,28.99897413804964,25.982604613583685,17
2019-12-08 18:00:00,27.52791415009148,29.894931973925694,18
2019-12-08 19:00:00,21.71817575508226,22.61125784041287,19
2019-12-08 20:00:00,19.491244867983422,17.408380803306812,20
2019-12-08 21:00:00,19.74321536678188,19.10223470779015,21
2019-12-08 22:00:00,21.63971060619908,18.835736608592992,22
2019-12-08 23:00:00,17.38500584410466,19.066795662275773,23
2019-12-09 01:00:00,19.46908255303136,17.15419246072777,1
2019-12-09 02:00:00,21.49270609970668,21.1957136959486,2
2019-12-09 03:00:00,23.39649053106634,24.19947592624952,3
2019-12-09 04:00:00,25.02710750222554,24.501262088472203,4
2019-12-09 05:00:00,26.1507937400627,26.605560667118585,5
2019-12-09 06:00:00,27.34080597818284,27.82547543918026,6
2019-12-09 07:00:00,28.4861092472025,31.321005220430475,7
2019-12-09 08:00:00,40.572420402354794,37.55774609669999,8
2019-12-09 09:00:00,34.8151329493063,38.735836694461014,9
2019-12-09 10:00:00,35.83578384082636,32.81139482839492,10
2019-12-09 11:00:00,30.94569042875476,34.6059855528261,11
2019-12-09 12:00:00,28.27547923703196,28.789216500716783,12
2019-12-09 13:00:00,29.875631864375258,27.365196901180845,13
2019-12-09 14:00:00,28.085680385192997,29.57920737441798,14
2019-12-09 15:00:00,28.56249106664124,27.714946365994095,15
2019-12-09 16:00:00,27.09159492881416,28.518201323384133,16
2019-12-09 17:00:00,31.20824021379442,27.86455084985381,17
2019-12-09 18:00:00,33.609857904531474,31.72167567568506,18
2019-12-09 19:00:00,30.31758514571538,27.211759172747048,19
2019-12-09 20:00:00,25.316667900540338,23.736726262542753,20
2019-12-09 21:00:00,23.1732859691695,23.812144792665766,21
2019-12-09 22:00:00,25.07810540135716,21.770947754745958,22
2019-12-09 23:00:00,24.519941352048498,22.971342190467144,23
2019-12-10 01:00:00,26.266868446811277,24.564828364187193,1
2019-12-10 02:00:00,26.7380734182194,27.44993012934377,2
2019-12-10 03:00:00,27.07766559544848,27.967870033030703,3
2019-12-10 04:00:00,27.443774291112973,28.278226448925743,4
2019-12-10 05:00:00,27.780623663370037,28.574623524205617,5
2019-12-10 06:00:00,29.265586984673078,29.26161607841878,6
2019-12-10 07:00:00,33.88765584343632,36.11202872739989,7
2019-12-10 08:00:00,40.23248373873902,39.59891252107585,8
2019-12-10 09:00:00,43.2082040665356,38.99009550757464,9
2019-12-10 10:00:00,42.539577159412275,41.581738858441476,10
2019-12-10 11:00:00,41.962111272439934,40.40658636217962,11
2019-12-10 12:00:00,42.127349240741324,39.11848225900301,12
2019-12-10 13:00:00,37.9829877752548,39.750956715017026,13
2019-12-10 14:00:00,38.37146253603436,36.622276293084404,14
2019-12-10 15:00:00,40.95193477541049,37.82626169071105,15
2019-12-10 16:00:00,37.151013718009416,39.26347368760502,16
2019-12-10 17:00:00,38.888019121501515,37.080375078252224,17
2019-12-10 18:00:00,36.22284689214322,38.189443532323324,18
2019-12-10 19:00:00,27.6852194398245,27.60047407283976,19
2019-12-10 20:00:00,23.220004453766478,24.74141639412736,20
2019-12-10 21:00:00,21.45097290243126,22.475137960374717,21
2019-12-10 22:00:00,20.52946710133832,21.842616627243473,22
2019-12-10 23:00:00,22.49154296266442,21.418494922765653,23
2019-12-11 01:00:00,25.18046838880304,25.102728484538282,1
2019-12-11 02:00:00,26.120896477256018,26.867111592853608,2
2019-12-11 03:00:00,26.55924699460282,27.27154216120663,3
2019-12-11 04:00:00,27.50334722766018,27.92711561531884,4
2019-12-11 05:00:00,28.63596081708366,28.340613258824337,5
2019-12-11 06:00:00,29.529625368125842,29.928114869310697,6
2019-12-11 07:00:00,35.38772122126544,36.026880038080854,7
2019-12-11 08:00:00,46.74873745173782,40.15929217137661,8
2019-12-11 09:00:00,43.510677558514196,43.8771112283497,9
2019-12-11 10:00:00,47.94526176728984,42.08554873947904,10
2019-12-11 11:00:00,46.57357013660408,45.474332836345276,11
2019-12-11 12:00:00,45.61735416052079,43.07321695742494,12
2019-12-11 13:00:00,44.05046347089814,42.589334970217024,13
2019-12-11 14:00:00,43.56082929585778,42.18813934746722,14
2019-12-11 15:00:00,45.233605911855776,42.563225080074446,15
2019-12-11 16:00:00,44.87610118418556,43.65417043945529,16
2019-12-11 17:00:00,40.8290502604363,43.506492407959485,17
2019-12-11 18:00:00,39.46527781386366,39.483457566074264,18
2019-12-11 19:00:00,31.53734484652236,30.42524045573305,19
2019-12-11 20:00:00,25.19860540053486,26.77224894483903,20
2019-12-11 21:00:00,26.05811738536612,24.75071869363668,21
2019-12-11 22:00:00,25.796837934676063,25.225709677376848,22
2019-12-11 23:00:00,27.190422382876058,24.274854082766115,23
2019-12-12 01:00:00,28.01296011590572,27.97971209388943,1
2019-12-12 02:00:00,28.678383862133177,28.48296201796088,2
2019-12-12 03:00:00,29.14666890620536,29.68226329511997,3
2019-12-12 04:00:00,29.536023859355737,30.526162358148266,4
2019-12-12 05:00:00,29.894562232297318,30.614357194255646,5
2019-12-12 06:00:00,30.172690663133217,30.948628565410857,6
2019-12-12 07:00:00,30.59337938579504,35.5736197081936,7
2019-12-12 08:00:00,44.58416917564014,39.30245564685202,8
2019-12-12 09:00:00,46.28125550275256,43.29083819135454,9
2019-12-12 10:00:00,45.90684030322063,44.24039723531149,10
2019-12-12 11:00:00,47.28937016202141,43.3023181698615,11
2019-12-12 12:00:00,43.550281304086056,45.08812700282088,12
2019-12-12 13:00:00,42.03419290788298,41.099165851346136,13
2019-12-12 14:00:00,38.950038382228,41.01104226061059,14
2019-12-12 15:00:00,38.35111945031546,38.4132066878764,15
2019-12-12 16:00:00,36.7451102016202,37.26446327658974,16
2019-12-12 17:00:00,34.99477755968854,36.64104645942646,17
2019-12-12 18:00:00,34.59477025634962,34.00839502246965,18
2019-12-12 19:00:00,25.260487141706875,27.478823270988826,19
2019-12-12 20:00:00,19.36508584483406,20.658509672841006,20
2019-12-12 21:00:00,22.189269584734802,21.98015417856427,21
2019-12-12 22:00:00,22.4297672771328,21.88638009273195,22
2019-12-12 23:00:00,20.24158005991776,21.380364919075742,23
2019-12-13 01:00:00,22.100961666866297,22.53448884092951,1
2019-12-13 02:00:00,23.466224845187078,24.101348089991706,2
2019-12-13 03:00:00,24.826645086300182,24.65944445601599,3
2019-12-13 04:00:00,25.83369037804688,26.447886167171664,4
2019-12-13 05:00:00,26.687642697319298,26.886175536120064,5
2019-12-13 06:00:00,27.54026287385934,28.40950863004071,6
2019-12-13 07:00:00,35.07323383078684,32.140232980055764,7
2019-12-13 08:00:00,44.888743933188636,39.3578197143116,8
2019-12-13 09:00:00,44.682527045993034,44.18758067905447,9
2019-12-13 10:00:00,44.449371576135476,43.54431293728378,10
2019-12-13 11:00:00,46.012351559851794,42.70104979123016,11
2019-12-13 12:00:00,45.00986318563952,44.124131134356084,12
2019-12-13 13:00:00,41.83410775337054,42.72855570833382,13
2019-12-13 14:00:00,41.63558431399636,39.79353557544062,14
2019-12-13 15:00:00,43.509305212971874,39.00290323578619,15
2019-12-13 16:00:00,42.555465566567435,42.19680558207351,16
2019-12-13 17:00:00,39.48631228902456,41.20517870788785,17
2019-12-13 18:00:00,40.54659797336353,37.780415557743964,18
2019-12-13 19:00:00,31.815275116088618,31.0396759150348,19
2019-12-13 20:00:00,25.40814206538628,24.731819791396823,20
2019-12-13 21:00:00,23.403139933608074,24.40462754309812,21
2019-12-13 22:00:00,27.046976140341375,22.23206102494713,22
2019-12-13 23:00:00,25.864175921879742,24.98579672700079,23
2019-12-14 01:00:00,27.894413623846383,25.686875428502013,1
2019-12-14 02:00:00,28.56452004326442,28.759148017644698,2
2019-12-14 03:00:00,29.242167390937418,29.672726080584976,3
2019-12-14 04:00:00,29.73484797119268,30.592913498678982,4
2019-12-14 05:00:00,30.196606510043658,30.72979625434752,5
2019-12-14 06:00:00,29.9343981419438,31.084791697829537,6
2019-12-14 07:00:00,36.316066566718895,35.41900373308474,7
2019-12-14 08:00:00,41.66066449239381,41.447944498034396,8
2019-12-14 09:00:00,44.28435769412448,40.281967736233625,9
2019-12-14 10:00:00,42.97302531728164,42.356138820217666,10
2019-12-14 11:00:00,37.25867689580656,40.56193760927713,11
2019-12-14 12:00:00,29.207690449466998,34.38300938086891,12
2019-12-14 13:00:00,25.740718887003077,27.914251219528733,13
2019-12-14 14:00:00,22.88819076331574,23.856691506877567,14
2019-12-14 15:00:00,23.815756010922897,22.165491187828767,15
2019-12-14 16:00:00,24.37946178688716,24.034303356730614,16
2019-12-14 17:00:00,25.77045289134582,24.219737669202495,17
2019-12-14 18:00:00,25.12025086840684,24.77693587950614,18
2019-12-14 19:00:00,17.79146104426856,21.2918931078611,19
2019-12-14 20:00:00,15.429362343480001,16.450119264317443,20
2019-12-14 21:00:00,14.527294696826461,16.298548789258643,21
2019-12-14 22:00:00,14.241938526875039,15.44392019805396,22
2019-12-14 23:00:00,13.06527729665792,15.257975276325118,23
2019-12-15 01:00:00,12.65215003282304,13.996078756573729,1
2019-12-15 02:00:00,13.219233064266879,13.877360288796128,2
2019-12-15 03:00:00,14.4328748240684,14.667043180725848,3
2019-12-15 04:00:00,15.6682419234724,15.146212179700626,4
2019-12-15 05:00:00,16.768708173289138,16.832202497552817,5
2019-12-15 06:00:00,17.84752975301238,18.166023507317174,6
2019-12-15 07:00:00,29.67802072017536,25.788654444012945,7
2019-12-15 08:00:00,31.272973212802995,36.65346265390212,8
2019-12-15 09:00:00,31.783468710087956,33.137775548477165,9
2019-12-15 10:00:00,34.51657434379294,32.5852801765772,10
2019-12-15 11:00:00,32.48547688280516,33.47698039514355,11
2019-12-15 12:00:00,29.50670254423204,31.02552384490216,12
2019-12-15 13:00:00,28.92290647997334,28.43787417892489,13
2019-12-15 14:00:00,28.838008462054976,27.903775623262916,14
2019-12-15 15:00:00,30.811524535311015,28.48494205607718,15
2019-12-15 16:00:00,29.9041250482809,30.583121730771396,16
2019-12-15 17:00:00,30.663388077913062,28.9575458858036,17
2019-12-15 18:00:00,28.068342160211323,29.291255155824302,18
2019-12-15 19:00:00,24.8635957103051,21.42098660262186,19
2019-12-15 20:00:00,17.5372202103205,19.833891153784492,20
2019-12-15 21:00:00,18.6835259606977,17.570347451252644,21
2019-12-15 22:00:00,20.56376366210888,17.961465907327526,22
2019-12-15 23:00:00,20.12687069037256,18.732864835118765,23
2019-12-16 01:00:00,15.72853532170708,19.704741335931047,1
2019-12-16 02:00:00,16.54170621113216,16.376251997125916,2
2019-12-16 03:00:00,17.08227612692108,17.75941377107269,3
2019-12-16 04:00:00,17.6430579477684,17.96515738497852,4
2019-12-16 05:00:00,18.0143675920381,20.083864126199806,5
2019-12-16 06:00:00,18.35392960535416,21.55702328081631,6
2019-12-16 07:00:00,18.78096179142408,24.938979330544868,7
2019-12-16 08:00:00,31.3751894890204,28.2079275240802,8
2019-12-16 09:00:00,28.298867900187318,32.876006217275375,9
2019-12-16 10:00:00,23.930184691354658,27.22229262837802,10
2019-12-16 11:00:00,22.37303923452818,21.516132292685125,11
2019-12-16 12:00:00,17.9607909241768,21.690736310832122,12
2019-12-16 13:00:00,19.05350718168244,17.46306686023117,13
2019-12-16 14:00:00,20.1731540273992,19.472730351916073,14
2019-12-16 15:00:00,20.246699227901978,21.289172120204807,15
2019-12-16 16:00:00,20.09747608907912,21.101144498973113,16
2019-12-16 17:00:00,20.33001951122482,20.945235254345672,17
2019-12-16 18:00:00,22.916731663926218,20.015586451546778,18
2019-12-16 19:00:00,19.54765602144564,16.76128531076209,19
2019-12-16 20:00:00,14.74040685898272,14.910915546075467,20
2019-12-16 21:00:00,18.43580773196772,14.297581731931587,21
2019-12-16 22:00:00,12.18225552912996,16.069062116298767,22
2019-12-16 23:00:00,11.467134676478178,12.791075029381751,23
2019-12-17 01:00:00,16.63429363797982,14.249588569729394,1
2019-12-17 02:00:00,18.74050282294582,15.436312848815305,2
2019-12-17 03:00:00,20.90200066880938,20.15390836455533,3
2019-12-17 04:00:00,22.642710114153598,23.00950614650225,4
2019-12-17 05:00:00,23.96671126224256,24.254775741279516,5
2019-12-17 06:00:00,25.292264461573158,25.255212332945494,6
2019-12-17 07:00:00,26.49581263552204,29.571075946469318,7
2019-12-17 08:00:00,46.61737746609436,31.177245534900763,8
2019-12-17 09:00:00,44.75243682136526,44.248178082600944,9
2019-12-17 10:00:00,41.742813699779795,42.491488719574015,10
2019-12-17 11:00:00,39.0013887983083,39.84269865979217,11
2019-12-17 12:00:00,36.535427478318596,37.050012102989015,12
2019-12-17 13:00:00,32.048726677849714,34.49451437827787,13
2019-12-17 14:00:00,33.47189346082668,30.289280701895503,14
2019-12-17 15:00:00,34.00195306265179,33.32100757658743,15
2019-12-17 16:00:00,34.08376778921464,32.95378733708241,16
2019-12-17 17:00:00,35.025203978474096,33.02230840492475,17
2019-12-17 18:00:00,34.409837750070395,33.957407379934175,18
2019-12-17 19:00:00,24.186515260307836,24.753812184774137,19
2019-12-17 20:00:00,18.1834451856334,19.41771825397648,20
2019-12-17 21:00:00,20.125005888880718,18.73772025190048,21
2019-12-17 22:00:00,20.677924928437818,18.222364741144524,22
2019-12-17 23:00:00,20.99655511945288,18.535157671942102,23
2019-12-18 01:00:00,18.81426006806268,21.441570038366386,1
2019-12-18 02:00:00,19.04640049266376,19.74352984788391,2
2019-12-18 03:00:00,19.11298636537686,20.279714808495722,3
2019-12-18 04:00:00,19.22984569219758,21.177303179405307,4
2019-12-18 05:00:00,19.34983916319228,21.75031342675775,5
2019-12-18 06:00:00,23.76573847924224,22.826982842074163,6
2019-12-18 07:00:00,27.669212021463014,29.850800985055812,7
2019-12-18 08:00:00,31.88361613742806,33.60390909822892,8
2019-12-18 09:00:00,35.93810492268316,34.71608913299198,9
2019-12-18 10:00:00,33.11443695541726,35.006618250311384,10
2019-12-18 11:00:00,30.675112059514454,32.19237490802765,11
2019-12-18 12:00:00,25.665056157028495,29.194173419918148,12
2019-12-18 13:00:00,23.780604499468378,22.600131839415404,13
2019-12-18 14:00:00,21.4590053755239,22.664785705054914,14
2019-12-18 15:00:00,22.631726435922218,20.220651772478153,15
2019-12-18 16:00:00,21.62066715485322,23.00797581573472,16
2019-12-18 17:00:00,22.442491051200697,20.60305705832748,17
2019-12-18 18:00:00,20.97601207801846,20.62730111157126,18
2019-12-18 19:00:00,14.11347160465714,15.594195219860294,19
2019-12-18 20:00:00,12.97757430149558,13.176487006661018,20
2019-12-18 21:00:00,13.05786644906258,13.105891939904366,21
2019-12-18 22:00:00,11.494511534490758,14.216100355162304,22
2019-12-18 23:00:00,13.365548178541099,14.055485126714878,23
2019-12-19 01:00:00,13.073911442454119,14.787954191507643,1
2019-12-19 02:00:00,13.02082378609514,14.079860296398419,2
2019-12-19 03:00:00,13.019608296233859,13.9258318341094,3
2019-12-19 04:00:00,13.572027268724238,13.907431921116693,4
2019-12-19 05:00:00,14.55538739707838,14.411725298429769,5
2019-12-19 06:00:00,15.88658986759506,15.388321860073125,6
2019-12-19 07:00:00,28.016873677369897,19.25349283986249,7
2019-12-19 08:00:00,30.927323489061216,31.66748621634917,8
2019-12-19 09:00:00,34.24406052300428,33.0693363392882,9
2019-12-19 10:00:00,35.24168940444008,33.61635906327658,10
2019-12-19 11:00:00,35.397926998874496,32.77687234536408,11
2019-12-19 12:00:00,33.81985066141444,33.19156441944336,12
2019-12-19 13:00:00,31.310086436938,32.651021282060725,13
2019-12-19 14:00:00,27.463494495778022,30.059051375146545,14
2019-12-19 15:00:00,27.930727425119617,26.40243817398282,15
2019-12-19 16:00:00,26.3916241410602,26.798249970869,16
2019-12-19 17:00:00,26.425072317818717,25.978228147570103,17
2019-12-19 18:00:00,25.19711814656728,26.034275292716135,18
2019-12-19 19:00:00,19.933432196732998,19.603349664475896,19
2019-12-19 20:00:00,17.490047680915843,14.961020196497822,20
2019-12-19 21:00:00,16.104350291803257,16.52660655858706,21
2019-12-19 22:00:00,17.638747694320198,15.94865023839608,22
2019-12-19 23:00:00,17.316004827792778,15.891488506041517,23
2019-12-20 01:00:00,14.6780055479506,16.733129049330756,1
2019-12-20 02:00:00,16.04390575733656,14.966534756996548,2
2019-12-20 03:00:00,17.194084227478598,16.665365812022024,3
2019-12-20 04:00:00,18.213406917936098,17.606234053888056,4
2019-12-20 05:00:00,19.036081217741682,20.584904371278476,5
2019-12-20 06:00:00,19.8936004843121,22.231106249615014,6
2019-12-20 07:00:00,20.50706854730838,25.476717865381083,7
2019-12-20 08:00:00,40.47023842338706,26.81325569379385,8
2019-12-20 09:00:00,37.783157107057065,38.75646281947818,9
2019-12-20 10:00:00,37.11580448706428,35.803871107084895,10
2019-12-20 11:00:00,33.88689145949148,34.84106266467981,11
2019-12-20 12:00:00,32.4419894535708,31.409540603896446,12
2019-12-20 13:00:00,29.298266363594337,30.72205975409593,13
2019-12-20 14:00:00,27.437924075321696,27.892815294235035,14
2019-12-20 15:00:00,29.61872449773842,27.052237025016403,15
2019-12-20 16:00:00,29.177293975149837,29.02752640512784,16
2019-12-20 17:00:00,28.79048082681068,28.909998201408236,17
2019-12-20 18:00:00,29.153188641976698,27.56772102352483,18
2019-12-20 19:00:00,19.22920397223976,21.906166472491968,19
2019-12-20 20:00:00,14.26937905716078,15.3559495990467,20
2019-12-20 21:00:00,16.18406410279648,15.20613290137584,21
2019-12-20 22:00:00,13.4238866279896,16.707074037342256,22
2019-12-20 23:00:00,15.78561785626196,14.845609572219512,23
2019-12-21 01:00:00,19.40544994379198,15.77560297381818,1
2019-12-21 02:00:00,22.58094044251568,21.2745558357308,2
2019-12-21 03:00:00,25.726485192282798,24.82668307290253,3
2019-12-21 04:00:00,28.14185707735654,27.11653433883707,4
2019-12-21 05:00:00,30.042856934266318,29.313714645047877,5
2019-12-21 06:00:00,29.4866109642699,31.032228833618436,6
2019-12-21 07:00:00,35.76547992069438,34.86296997722725,7
2019-12-21 08:00:00,47.367853060918804,39.37040117644917,8
2019-12-21 09:00:00,49.63169949143894,45.54637793596741,9
2019-12-21 10:00:00,47.01158123979045,48.17425137937598,10
2019-12-21 11:00:00,46.96988770921343,44.92725943004962,11
2019-12-21 12:00:00,43.440337188353055,45.71625669994572,12
2019-12-21 13:00:00,37.0166226132744,41.71566974060102,13
2019-12-21 14:00:00,35.5142265780252,35.58582527083466,14
2019-12-21 15:00:00,38.32489527655836,34.552765989491895,15
2019-12-21 16:00:00,36.86072192744284,37.3348711290624,16
2019-12-21 17:00:00,39.77800074181958,36.52369733711068,17
2019-12-21 18:00:00,37.874972411064796,38.86956477709275,18
2019-12-21 19:00:00,25.587037472391376,28.175544054344495,19
2019-12-21 20:00:00,23.716753151165122,20.441118151322954,20
2019-12-21 21:00:00,23.871938258646438,24.338053997155722,21
2019-12-21 22:00:00,20.55180001920464,23.323561842941714,22
2019-12-21 23:00:00,23.6515795879152,21.41675856167476,23
2019-12-22 01:00:00,24.03144155569342,24.500409746245758,1
2019-12-22 02:00:00,23.89615899746746,25.433746194630217,2
2019-12-22 03:00:00,23.5972349472173,25.176827864705906,3
2019-12-22 04:00:00,23.43647797416738,24.715939056151324,4
2019-12-22 05:00:00,23.50672508036502,24.34939675386433,5
2019-12-22 06:00:00,27.871813589099695,24.397129990921922,6
2019-12-22 07:00:00,29.34759367527838,32.06460426134418,7
2019-12-22 08:00:00,36.60727655802004,38.66947740493817,8
2019-12-22 09:00:00,34.38325560658248,35.93288501049697,9
2019-12-22 10:00:00,33.60254628757108,34.13887169584732,10
2019-12-22 11:00:00,31.838437220729404,32.78897209516514,11
2019-12-22 12:00:00,29.124607560778514,31.219396574685252,12
2019-12-22 13:00:00,28.644851379751657,29.277914829412957,13
2019-12-22 14:00:00,27.52767792212472,28.09209421254202,14
2019-12-22 15:00:00,27.791390969206102,28.01776129002111,15
2019-12-22 16:00:00,25.517700933588856,27.771643321719157,16
2019-12-22 17:00:00,25.343028796629042,24.348277211780374,17
2019-12-22 18:00:00,27.59235947942548,23.87823581738162,18
2019-12-22 19:00:00,22.208567411284157,22.63336745918305,19
2019-12-22 20:00:00,16.42850622335002,18.106511542816367,20
2019-12-22 21:00:00,16.56916649698926,17.596643614682495,21
2019-12-22 22:00:00,16.18948529602232,17.25727967466926,22
2019-12-22 23:00:00,18.486779011633597,16.735303514011726,23
2019-12-23 01:00:00,13.52523805073734,18.73101184610613,1
2019-12-23 02:00:00,16.725917150167458,13.717734203436413,2
2019-12-23 03:00:00,19.86306140154752,17.49260895676437,3
2019-12-23 04:00:00,22.242284049368557,21.840648014774796,4
2019-12-23 05:00:00,24.10172992859074,24.341116637372146,5
2019-12-23 06:00:00,25.93359653019396,25.430403212977435,6
2019-12-23 07:00:00,27.665224132161597,31.220152652049336,7
2019-12-23 08:00:00,41.95446108576424,32.874712845261975,8
2019-12-23 09:00:00,36.7776706860019,39.91346871352311,9
2019-12-23 10:00:00,34.13980542015582,35.196491989743706,10
2019-12-23 11:00:00,32.81647991427404,33.58218396415125,11
2019-12-23 12:00:00,32.11829779739546,31.329011192165023,12
2019-12-23 13:00:00,28.98017342578686,30.826302663247155,13
2019-12-23 14:00:00,29.97067894596842,28.196868356529404,14
2019-12-23 15:00:00,27.87818796642142,29.40470488916894,15
2019-12-23 16:00:00,28.88826574670522,27.2025311426828,16
2019-12-23 17:00:00,29.827250725670382,28.48634935187038,17
2019-12-23 18:00:00,31.59626102976638,29.690049983760385,18
2019-12-23 19:00:00,29.149383330599118,25.086283009618146,19
2019-12-23 20:00:00,25.700728077232675,23.34423186389519,20
2019-12-23 21:00:00,26.00409509770388,22.807636439428112,21
2019-12-23 22:00:00,26.148684263375117,21.577823644906154,22
2019-12-23 23:00:00,28.48439042360522,22.09362027731848,23
2019-12-24 01:00:00,33.84355380259916,29.11091904614107,1
2019-12-24 02:00:00,34.8506459638278,35.076220015943015,2
2019-12-24 03:00:00,35.577854981705656,35.5817888796547,3
2019-12-24 04:00:00,36.068998152397654,37.19285323893845,4
2019-12-24 05:00:00,36.57498710163294,38.05985020374357,5
2019-12-24 06:00:00,34.8956629026191,38.6328540277129,6
2019-12-24 07:00:00,38.204223535576595,38.600768676855125,7
2019-12-24 08:00:00,50.499077102007135,45.128295262717536,8
2019-12-24 09:00:00,54.135455002773796,49.66970976608989,9
2019-12-24 10:00:00,54.54260453127094,52.244375936904696,10
2019-12-24 11:00:00,50.9831591753836,51.409673422395116,11
2019-12-24 12:00:00,48.722294716693476,47.731830526662016,12
2019-12-24 13:00:00,48.66646112202663,45.66821405411561,13
2019-12-24 14:00:00,45.26028488042116,46.76335134115869,14
2019-12-24 15:00:00,43.03711332688533,43.7685744696224,15
2019-12-24 16:00:00,42.70184471700399,42.08997547681988,16
2019-12-24 17:00:00,42.84467179515446,41.57665288979369,17
2019-12-24 18:00:00,38.60552227050422,41.73368219216559,18
2019-12-24 19:00:00,31.6469503314289,29.519037812688033,19
2019-12-24 20:00:00,23.55683286767344,27.727515053056734,20
2019-12-24 21:00:00,27.08200394891916,22.497084871389756,21
2019-12-24 22:00:00,25.0345313470535,25.181163191256008,22
2019-12-24 23:00:00,27.44969484307164,22.74023041299657,23
2019-12-25 01:00:00,31.199058612004695,28.018084344305947,1
2019-12-25 02:00:00,33.02132019203502,32.844309553885516,2
2019-12-25 03:00:00,34.75505911235838,34.0014077863363,3
2019-12-25 04:00:00,36.261548386993276,36.47802615726345,4
2019-12-25 05:00:00,37.606991441124634,38.210359542481285,5
2019-12-25 06:00:00,35.1452193800419,40.57737868596406,6
2019-12-25 07:00:00,37.85256263480366,38.43386833497206,7
2019-12-25 08:00:00,52.20784776068923,46.53422055821784,8
2019-12-25 09:00:00,54.98490261566468,51.286278628621695,9
2019-12-25 10:00:00,51.96106563548592,52.272404430658,10
2019-12-25 11:00:00,49.697833402679365,48.02758367800968,11
2019-12-25 12:00:00,44.29864185832958,46.61949907732917,12
2019-12-25 13:00:00,40.916336608043096,42.238948029203755,13
2019-12-25 14:00:00,39.488481907426916,39.83172329759409,14
2019-12-25 15:00:00,41.061892391154295,38.08173941236395,15
2019-12-25 16:00:00,39.8040384959831,39.050249547396994,16
2019-12-25 17:00:00,40.24704810872384,38.0697537172231,17
2019-12-25 18:00:00,41.142429777806385,38.33987525940416,18
2019-12-25 19:00:00,29.19314617949826,32.14330255732556,19
2019-12-25 20:00:00,25.534342527457678,26.225334020772834,20
2019-12-25 21:00:00,24.78266250944748,24.689372835335412,21
2019-12-25 22:00:00,27.88318227597242,24.060576382463463,22
2019-12-25 23:00:00,31.29083740209434,25.632705629194348,23
2019-12-26 01:00:00,34.89313592559752,32.855024066762205,1
2019-12-26 02:00:00,35.90074393446106,35.75114198947052,2
2019-12-26 03:00:00,36.7405277396209,36.48152174550266,3
2019-12-26 04:00:00,37.39636760873682,38.75191128230406,4
2019-12-26 05:00:00,38.084425992516415,39.380382250270166,5
2019-12-26 06:00:00,38.682610112729996,40.831413102704445,6
2019-12-26 07:00:00,43.5874537449351,41.6896602042185,7
2019-12-26 08:00:00,50.37780285221004,46.852537482988325,8
2019-12-26 09:00:00,52.78777836630002,50.013604724037386,9
2019-12-26 10:00:00,53.42215241546552,50.89549338884727,10
2019-12-26 11:00:00,50.56001222019964,50.56132416918645,11
2019-12-26 12:00:00,45.51578672371136,47.290108605437936,12
2019-12-26 13:00:00,39.1793906073763,42.424531515560204,13
2019-12-26 14:00:00,36.19354829370435,37.88860544771658,14
2019-12-26 15:00:00,36.35078011671194,36.43962378842822,15
2019-12-26 16:00:00,35.28463249712786,36.975980623352356,16
2019-12-26 17:00:00,34.6397846840278,34.155596631424835,17
2019-12-26 18:00:00,33.1049173311349,32.94588004003509,18
2019-12-26 19:00:00,25.478130440821378,28.664181656259657,19
2019-12-26 20:00:00,20.9504235519921,20.265382068333714,20
2019-12-26 21:00:00,21.70438918849746,21.825340195187433,21
2019-12-26 22:00:00,19.66060997569762,21.63093062387794,22
2019-12-26 23:00:00,22.648076040668556,21.136908068915446,23
2019-12-27 01:00:00,25.400851445664898,25.759658553513546,1
2019-12-27 02:00:00,27.319706214080817,26.890491416571262,2
2019-12-27 03:00:00,29.04195383910004,29.168726632881135,3
2019-12-27 04:00:00,30.377112218336997,30.680791338937215,4
2019-12-27 05:00:00,31.598052022865836,31.520839685504797,5
2019-12-27 06:00:00,31.1742914394132,32.986704269108515,6
2019-12-27 07:00:00,36.4967059473414,36.409953824737485,7
2019-12-27 08:00:00,48.05985775063322,44.32531662126342,8
2019-12-27 09:00:00,49.39893339967066,47.27995879818925,9
2019-12-27 10:00:00,50.4521894728304,48.60792012053443,10
2019-12-27 11:00:00,45.5963960187543,48.10094921668373,11
2019-12-27 12:00:00,43.4880175959418,42.82033384139595,12
2019-12-27 13:00:00,39.309488669787996,41.26466724378383,13
2019-12-27 14:00:00,37.66119937337984,37.582744349654156,14
2019-12-27 15:00:00,41.37202974759732,37.058448417462,15
2019-12-27 16:00:00,40.480916348596054,38.97116253774746,16
2019-12-27 17:00:00,38.29701716258921,38.05860541441287,17
2019-12-27 18:00:00,40.68091143636978,37.83103919358987,18
2019-12-27 19:00:00,29.52089877503346,31.17795954259168,19
2019-12-27 20:00:00,22.5581971715433,24.652635292654885,20
2019-12-27 21:00:00,23.1090657511267,22.27711464540349,21
2019-12-27 22:00:00,26.235806255294882,21.73421037618402,22
2019-12-27 23:00:00,27.353166376960036,23.999150468625338,23
2019-12-28 01:00:00,30.1252229473813,27.86390823500387,1
2019-12-28 02:00:00,31.724926418809716,31.03958294864945,2
2019-12-28 03:00:00,33.16488870688974,33.21864920097906,3
2019-12-28 04:00:00,34.272230889984996,35.05332574769258,4
2019-12-28 05:00:00,35.289405317612776,36.08370033069381,5
2019-12-28 06:00:00,36.074791087587556,36.55390414904512,6
2019-12-28 07:00:00,36.859917265688,38.909199439662494,7
2019-12-28 08:00:00,51.3297675360034,45.92645718028691,8
2019-12-28 09:00:00,51.649984467176736,50.68421327211764,9
2019-12-28 10:00:00,48.2950144137584,50.519602593458906,10
2019-12-28 11:00:00,46.10753928600192,45.35437842576711,11
2019-12-28 12:00:00,40.24695566420544,43.07102913193987,12
2019-12-28 13:00:00,34.49230434937696,37.894160410493676,13
2019-12-28 14:00:00,31.07756967314696,31.955778940993977,14
2019-12-28 15:00:00,32.67526078740994,31.387412694085295,15
2019-12-28 16:00:00,33.70490236112254,32.302007195471035,16
2019-12-28 17:00:00,32.880960376969476,32.794658992764745,17
2019-12-28 18:00:00,31.1517634630575,32.538983759048755,18
2019-12-28 19:00:00,24.017274083248342,26.27306429933968,19
2019-12-28 20:00:00,19.644653171265517,19.980905292369492,20
2019-12-28 21:00:00,20.99375543110202,22.13734845857703,21
2019-12-28 22:00:00,19.08484055397134,21.97262236443864,22
2019-12-28 23:00:00,21.27606828195212,21.03574438714135,23
2019-12-29 01:00:00,21.85088502513848,22.98822632645648,1
2019-12-29 02:00:00,23.51381342770236,23.69697713662986,2
2019-12-29 03:00:00,25.098224031340937,24.657814559017282,3
2019-12-29 04:00:00,26.483089622565856,26.6872193388227,4
2019-12-29 05:00:00,27.46050106838328,28.60100976515397,5
2019-12-29 06:00:00,28.508955068256917,29.029722147128677,6
2019-12-29 07:00:00,36.83783780358,36.20845465791608,7
2019-12-29 08:00:00,39.7895438316096,43.75197919084143,8
2019-12-29 09:00:00,40.65061361490932,38.728126857106105,9
2019-12-29 10:00:00,39.524411977837616,39.66980049814024,10
2019-12-29 11:00:00,35.49549382415012,37.5762762488795,11
2019-12-29 12:00:00,26.956527726316043,32.45256772848453,12
2019-12-29 13:00:00,25.393393523031897,25.838250223663326,13
2019-12-29 14:00:00,23.292940303781776,24.320349250072308,14
2019-12-29 15:00:00,22.11624900687394,22.325780692159228,15
2019-12-29 16:00:00,23.9380371504144,21.792099515267395,16
2019-12-29 17:00:00,26.318904982884916,24.371382364152446,17
2019-12-29 18:00:00,27.609387504159,26.551114883490563,18
2019-12-29 19:00:00,19.58821112611192,23.68788385516663,19
2019-12-29 20:00:00,16.47616809481282,17.385833832156976,20
2019-12-29 21:00:00,17.82025523397056,17.36770219759471,21
2019-12-29 22:00:00,17.187585055612598,18.55170493850931,22
2019-12-29 23:00:00,16.592086631992018,17.16865261346663,23
2019-12-30 01:00:00,13.257332875302259,17.489843761272624,1
2019-12-30 02:00:00,14.618081194455598,13.968088769084742,2
2019-12-30 03:00:00,15.74000328365922,15.136809445169245,3
2019-12-30 04:00:00,16.661201873395278,17.18222124398648,4
2019-12-30 05:00:00,17.58467232050438,18.029829312808417,5
2019-12-30 06:00:00,25.70366420735936,19.326775313250586,6
2019-12-30 07:00:00,28.028739872973958,30.71052048511102,7
2019-12-30 08:00:00,31.082896069074742,34.311676319535664,8
2019-12-30 09:00:00,27.7601190414108,33.51296549901519,9
2019-12-30 10:00:00,26.39902886642842,26.41558320330358,10
2019-12-30 11:00:00,25.71800816327896,26.10602900226983,11
2019-12-30 12:00:00,24.9441066636027,23.88160172838881,12
2019-12-30 13:00:00,24.242504496765857,24.10074017584981,13
2019-12-30 14:00:00,21.963217328893137,23.578106709829285,14
2019-12-30 15:00:00,22.80974808945054,21.08661596592679,15
2019-12-30 16:00:00,23.629276286739238,23.20558547365204,16
2019-12-30 17:00:00,23.17624778265006,23.941706055827186,17
2019-12-30 18:00:00,23.15692282830122,21.295589015984827,18
2019-12-30 19:00:00,21.6999599016207,18.543315504484266,19
2019-12-30 20:00:00,19.43563853183172,17.036763823504412,20
2019-12-30 21:00:00,17.887740882403477,19.667956558954895,21
2019-12-30 22:00:00,12.97584020288608,17.63012812760506,22
2019-12-30 23:00:00,15.111634161519879,12.971828960407981,23
2019-12-31 01:00:00,19.644044543000838,14.949888664172857,1
2019-12-31 02:00:00,20.864849497421798,22.157949640781474,2
2019-12-31 03:00:00,22.086426271904656,22.82103205970385,3
2019-12-31 04:00:00,23.0862577606581,24.124513209088555,4
2019-12-31 05:00:00,23.92797469514222,24.651369164665542,5
2019-12-31 06:00:00,24.70064305772086,25.122420738961964,6
2019-12-31 07:00:00,25.47236287231844,30.387355672355838,7
2019-12-31 08:00:00,42.25928176850948,31.75111232166252,8
2019-12-31 09:00:00,40.00643387734372,41.37452052532375,9
2019-12-31 10:00:00,43.93651280751546,38.62577665614625,10
2019-12-31 11:00:00,42.52892960644979,42.03331340440657,11
2019-12-31 12:00:00,40.15919045788222,40.28778771952877,12
2019-12-31 13:00:00,38.688022392059814,38.49680641018795,13
2019-12-31 14:00:00,40.59837219533844,37.073389253831564,14
2019-12-31 15:00:00,39.1945374944938,39.246173991650615,15
2019-12-31 16:00:00,42.61552636739381,38.2771843556725,16
2019-12-31 17:00:00,37.824054281441434,41.790149027591895,17
2019-12-31 18:00:00,36.537791794098936,37.52760643809266,18
2019-12-31 19:00:00,26.31676592561812,26.066335290115262,19
2019-12-31 20:00:00,24.17483000373742,23.523808593686507,20
2019-12-31 21:00:00,23.52336197978564,24.84026462499415,21
2019-12-31 22:00:00,23.2040526187828,22.447638143176988,22
2019-12-31 23:00:00,23.642835058697358,20.74519228602614,23
